Date,,2B76.DE,2B77.DE,2B78.DE,AASI.PA,AGGH.AS,CEUU.AS,CNDX.AS,CSPX.AS,DTLA.L,EACW.MI,EMIM.AS,ESP0.DE,EUEA.AS,EUNY.DE,EX37.VI,GMVM.DE,H2OA.AS,IBC0.F,IBC9.F,IBTA.L,IEAC.AS,IEVD.DE,IGILN.MX,IGLN.L,IPRP.AS,IPRV.AS,IQQH.DE,IS3R.DE,ISFA.AS,ISPY.AS,IUFS.L,IUS7.F,IUSA.AS,IWDP.AS,LEER.F,LQDAN.MX,NAN,QBIT.SW,QDVE.DE,SBIO.AS,SXR1.DE,UC15.L,UEF5.AS,UIMM.AS,VHYL.AS,WDSC.L,XMK9.DE
1999-06-01,Close,,,,,,,,,,,,,,,,,,,,,,,,,,,,,,,,,,,,,15.0625,,,,,,,,,,
1999-07-01,Close,,,,,,,,,,,,,,,,,,,,,,,,,,,,,,,,,,,,,14.9375,,,,,,,,,,
1999-08-01,Close,,,,,,,,,,,,,,,,,,,,,,,,,,,,,,,,,,,,,14.75,,,,,,,,,,
1999-09-01,Close,,,,,,,,,,,,,,,,,,,,,,,,,,,,,,,,,,,,,14.375,,,,,,,,,,
1999-10-01,Close,,,,,,,,,,,,,,,,,,,,,,,,,,,,,,,,,,,,,13.625,,,,,,,,,,
1999-11-01,Close,,,,,,,,,,,,,,,,,,,,,,,,,,,,,,,,,,,,,12.4375,,,,,,,,,,
1999-12-01,Close,,,,,,,,,,,,,,,,,,,,,,,,,,,,,,,,,,,,,12.3125,,,,,,,,,,
2000-01-01,Close,,,,,,,,,,,,,,,,,,,,,,,,,,,,,,,,,,,,,12.75,,,,,,,,,,
2000-02-01,Close,,,,,,,,,,,,,,,,,,,,,,,,,,,,,,,,,,,,,12.25,,,,,,,,,,
2000-03-01,Close,,,,,,,,,,,,,,,,,,,,,,,,,,,,,,,,,,,,,12.5,,,,,,,,,,
2000-04-01,Close,,,,,,,,,,,,,,,,,,,,,,,,,,,,,,,,,,,,,12.625,,,,,,,,,,
2000-05-01,Close,,,,,,,,,,,,,,,,,,,,,,,,,,,,,,,,,,,,,12.0,,,,,,,,,,
2000-06-01,Close,,,,,,,,,,,,,,,,,,,,,,,,,,,,,,,,,,,,,12.75,,,,,,,,,,
2000-07-01,Close,,,,,,,,,,,,,,,,,,,,,,,,,,,,,,,,,,,,,13.0,,,,,,,,,,
2000-08-01,Close,,,,,,,,,,,,,,,,,,,,,,,,,,,,,,,,,,,,,13.25,,,,,,,,,,
2000-09-01,Close,,,,,,,,,,,,,,,,,,,,,,,,,,,,,,,,,,,,,12.3125,,,,,,,,,,
2000-10-01,Close,,,,,,,,,,,,,,,,,,,,,,,,,,,,,,,,,,,,,12.5,,,,,,,,,,
2000-11-01,Close,,,,,,,,,,,,,,,,,,,,,,,,,,,,,,,,,,,,,12.25,,,,,,,,,,
2000-12-01,Close,,,,,,,,,,,,,,,,,,,,,,,,,,,,,,,,,,,,,13.5,,,,,,,,,,
2001-01-01,Close,,,,,,,,,,,,,,,,,,,,,,,,,,,,,,,,,,,,,14.829999923706055,,,,,,,,,,
2001-02-01,Close,,,,,,,,,,,,,,,,,,,,,,,,,,,,,,,,,,,,,14.550000190734863,,,,,,,,,,
2001-03-01,Close,,,,,,,,,,,,,,,,,,,,,,,,,,,,,,,,,,,,,14.880000114440918,,,,,,,,,,
2001-04-01,Close,,,,,,,,,,,,,,,,,,,,,,,,,,,,,,,,,,,,,14.3100004196167,,,,,,,,,,
2001-05-01,Close,,,,,,,,,,,,,,,,,,,,,,,,,,,,,,,,,,,,,14.210000038146973,,,,,,,,,,
2001-06-01,Close,,,,,,,,,,,,,,,,,,,,,,,,,,,,,,,,,,,,,14.8100004196167,,,,,,,,,,
2001-07-01,Close,,,,,,,,,,,,,,,,,,,,,,,,,,,,,,,,,,,,,14.6899995803833,,,,,,,,,,
2001-08-01,Close,,,,,,,,,,,,,,,,,,,,,,,,,,,,,,,,,,,,,15.100000381469727,,,,,,,,,,
2001-09-01,Close,,,,,,,,,,,,,,,,,,,,,,,,,,,,,,,,,,,,,14.4399995803833,,,,,,,,,,
2001-10-01,Close,,,,,,,,,,,,,,,,,,,,,,,,,,,,,,,,,,,,,14.59000015258789,,,,,,,,,,
2001-11-01,Close,,,,,,,,,,,,,,,,,,,,,,,,,,,,,,,,,,,,,14.800000190734863,,,,,,,,,,
2001-12-01,Close,,,,,,,,,,,,,,,,,,,,,,,,,,,,,,,,,,,,,14.229999542236328,,,,,,,,,,
2002-01-01,Close,,,,,,,,,,,,,,,,,,,,,,,,,,,,,,,,,,,,,14.520000457763672,,,,,,,,,,
2002-02-01,Close,,,,,,,,,,,,,,,,,,,,,,,,,,,,,,,,,,,,,14.869999885559082,,,,,,,,,,
2002-03-01,Close,,,,,,,,,,,,,,,,,,,,,,,,,,,,,,,,,,,,,13.800000190734863,,,,,,,,,,
2002-04-01,Close,,,,,,,,,,,,,,,,,,,,,,,,,,,,,,,,,,,,,14.199999809265137,,,,,,,,,,
2002-05-01,Close,,,,,,,,,,,,,,,,,,,,,,,,,,,,,,,,,,,,,14.539999961853027,,,,,,,,,,
2002-06-01,Close,,,,,,,,,,,,,,,,,,,,,,,,,,,,,,,,,,,,,14.819999694824219,,,,,,,,,,
2002-07-01,Close,,,,,,,,,,,,,,,,,,,,,,,,,,,,,,,,,,,,,14.75,,,,,,,,,,
2002-08-01,Close,,,,,,,,,,,,,,,,,,,,,,,,,,,,,,,,,,,,,14.789999961853027,,,,,,,,,,
2002-09-01,Close,,,,,,,,,,,,,,,,,,,,,,,,,,,,,,,,,,,,,15.470000267028809,,,,,,,,,,
2002-10-01,Close,,,,,,,,,,,,,,,,,,,,,,,,,,,,,,,,,,,,,14.779999732971191,,,,,,,,,,
2002-11-01,Close,,,,,,,,,,,,,,,,,,,,,,,,,,,,,,,,,,,,,14.25,,,,,,,,,,
2002-12-01,Close,,,,,,,,,,,,,,,,,,,,,,,,,,,,,,,,,,,,,14.920000076293945,,,,,,,,,,
2003-01-01,Close,,,,,,,,,,,,,,,,,,,,,,,,,,,,,,,,,,,,,14.630000114440918,,,,,,,,,,
2003-02-01,Close,,,,,,,,,,,,,,,,,,,,,,,,,,,,,,,,,,,,,14.890000343322754,,,,,,,,,,
2003-03-01,Close,,,,,,,,,,,,,,,,,,,,,,,,,,,,,,,,,,,,,14.850000381469727,,,,,,,,,,
2003-04-01,Close,,,,,,,,,,,,,,,,,,,,,,,,,,,,,,,,,,,,,15.079999923706055,,,,,,,,,,
2003-05-01,Close,,,,,,,,,,,,,,,,,,,,,,,,,,,,,,,,,,,,,15.8100004196167,,,,,,,,,,
2003-06-01,Close,,,,,,,,,,,,,,,,,,,,,,,,,,,,,,,,,,,,,16.399999618530273,,,,,,,,,,
2003-07-01,Close,,,,,,,,,,,,,,,,,,,,,,,,,,,,,,,,,,,,,14.989999771118164,,,,,,,,,,
2003-08-01,Close,,,,,,,,,,,,,,,,,,,,,,,,,,,,,,,,,,,,,14.760000228881836,,,,,,,,,,
2003-09-01,Close,,,,,,,,,,,,,,,,,,,,,,,,,,,,,,,,,,,,,15.09000015258789,,,,,,,,,,
2003-10-01,Close,,,,,,,,,,,,,,,,,,,,,,,,,,,,,,,,,,,,,15.1899995803833,,,,,,,,,,
2003-11-01,Close,,,,,,,,,,,,,,,,,,,,,,,,,,,,,,,,,,,,,15.529999732971191,,,,,,,,,,
2003-12-01,Close,,,,,,,,,,,,,,,,,,,,,,,,,,,,,,,,,,,,,15.979999542236328,,,,,,,,,,
2004-01-01,Close,,,,,,,,,,,,,,,,,,,,,,,,,,,,,,,,,,,,,16.049999237060547,,,,,,,,,,
2004-02-01,Close,,,,,,,,,,,,,,,,,,,,,,,,,,,,,,,,,,,,,16.549999237060547,,,,,,,,,,
2004-03-01,Close,,,,,,,,,,,,,,,,,,,,,,,,,,,,,,,,,,,,,16.209999084472656,,,,,,,,,,
2004-04-01,Close,,,,,,,,,,,,,,,,,,,,,,,,,,,,,,,,,,,,,13.829999923706055,,,,,,,,,,
2004-05-01,Close,,,,,,,,,,,,,,,,,,,,,,,,,,,,,,,,,,,,,14.1899995803833,,,,,,,,,,
2004-06-01,Close,,,,,,,,,,,,,,,,,,,,,,,,,,,,,,,,,,,,,14.25,,,,,,,,,,
2004-07-01,Close,,,,,,,,,,,,,,,,,,,,,,,,,,,,,,,,,,,,,14.75,,,,,,,,,,
2004-08-01,Close,,,,,,,,,,,,,,,,,,,,,,,,,,,,,,,,,,,,,14.989999771118164,,,,,,,,,,
2004-09-01,Close,,,,,,,,,,,,,,,,,,,,,,,,,,,,,,,,,,,,,15.010000228881836,,,,,,,,,,
2004-10-01,Close,,,,,,,,,,,,,,,,,,,,,,,,,,,,,,,,,,,,,15.319999694824219,,,,,,,,,,
2004-11-01,Close,,,,,,,,,,,,,,,,,,,,,,,,,,,,,,,,,,,,,15.350000381469727,,,,,,,,,,
2004-12-01,Close,,,,,,,,,,,,,,,,,,,,,,,,,,,,,,,,,,,,,15.550000190734863,,,,,,,,,,
2005-01-01,Close,,,,,,,,,,,,,,,,,,,,,,,,,,,,,,,,,,,,,15.770000457763672,,,,,,,,,,
2005-02-01,Close,,,,,,,,,,,,,,,,,,,,,,,,,,,,,,,,,,,,,15.609999656677246,,,,,,,,,,
2005-03-01,Close,,,,,,,,,,,,,,,,,,,,,,,,,,,,,,,,,,,,,14.930000305175781,,,,,,,,,,
2005-04-01,Close,,,,,,,,,,,,,,,,,,,,,,,,,,,,,,,,,,,,,15.729999542236328,,,,,,,,,,
2005-05-01,Close,,,,,,,,,,,,,,,,,,,,,,,,,,,,,,,,,,,,,15.930000305175781,,,,,,,,,,
2005-06-01,Close,,,,,,,,,,,,,,,,,,,,,,,,,,,,,,,,,,,,,16.149999618530273,,,,,,,,,,
2005-07-01,Close,,,,,,,,,,,,,,,,,,,,,,,,,,,,,,,,,,,,,16.489999771118164,,,,,,,,,,
2005-08-01,Close,,,,,,,,,,,,,,,,,,,,,,,,,,,,,,,,,,,,,16.299999237060547,,,,,,,,,,
2005-09-01,Close,,,,,,,,,,,,,,,,,,,,,,,,,,,,,,,,,,,,,16.110000610351562,,,,,,,,,,
2005-10-01,Close,,,,,,,,,,,,,,,,,,,,,,,,,,,,,,,,,,,,,15.9399995803833,,,,,,,,,,
2005-11-01,Close,,,,,,,,,,,,,,,,,,,,,,,,,,,,,,,,,,,,,16.049999237060547,,,,,,,,,,
2005-12-01,Close,,,,,,,,,,,,,,,,,,,,,,,,,,,,,,,,,,,,,16.59000015258789,,,,,,,,,,
2006-01-01,Close,,,,,,,,,,,,,,,,,,,,,,,,,,,,,,,,,,,,,16.65999984741211,,,,,,,,,,
2006-02-01,Close,,,,,,,,,,,,,,,,,,,,,,,,,,,,,,,,,,,,,16.610000610351562,,,,,,,,,,
2006-03-01,Close,,,,,,,,,,,,,,,,,,,,,,,,,,,,,,,,,,,,,16.020000457763672,,,,,,,,,,
2006-04-01,Close,,,,,,,,,,,,,,,,,,,,,,,,,,,,,,,,,,,,,15.819999694824219,,,,,,,,,,
2006-05-01,Close,,,,,,,,,,,,,,,,,,,,,,,,,,,,,,,,,,,,,16.149999618530273,,,,,,,,,,
2006-06-01,Close,,,,,,,,,,,,,,,,,,,,,,,,,,,,,,,,,,,,,15.399999618530273,,,,,,,,,,
2006-07-01,Close,,,,,,,,,,,,,,,,,,,,,,,,,,,,,,,,,,,,,15.600000381469727,,,,,,,,,,
2006-08-01,Close,,,,,,,,,,,,,,,,,,,,,,,,,,,,,,,,,,,,,15.789999961853027,,,,,,,,,,
2006-09-01,Close,,,,,,,,,,,,,,,,,,,,,,,,,,,,,,,,,,,,,15.600000381469727,,,,,,,,,,
2006-10-01,Close,,,,,,,,,,,,,,,,,,,,,,,,,,,,,,,,,,,,,15.510000228881836,,,,,,,,,,
2006-11-01,Close,,,,,,,,,,,,,,,,,,,,,,,,,,,,,,,,,,,,,15.859999656677246,,,,,,,,,,
2006-12-01,Close,,,,,,,,,,,,,,,,,,,,,,,,,,,,,,,,,,,,,15.65999984741211,,,,,,,,,,
2007-01-01,Close,,,,,,,,,,,,,,,,,,,,,,,,,,,,,,,,,,,,,15.850000381469727,,,,,,,,,,
2007-02-01,Close,,,,,,,,,,,,,,,,,,,,,,,,,,,,,,,,,,,,,15.699999809265137,,,,,,,,,,
2007-03-01,Close,,,,,,,,,,,,,,,,,,,,,,,,,,,,,,,,,,,,,15.4399995803833,,,,,,,,,,
2007-04-01,Close,,,,,,,,,,,,,,,,,,,,,,,,,,,,,,,,,,,,,15.449999809265137,,,,,,,,,,
2007-05-01,Close,,,,,,,,,,,,,,,,,,,,,,,,,,,,,,,,,,,,,15.199999809265137,,,,,,,,,,
2007-06-01,Close,,,,,,,,,,,,,,,,,,,,,,,,,,,,,,,,,,,,,14.819999694824219,,,,,,,,,,
2007-07-01,Close,,,,,,,,,,,,,,,,,,,,,,,,,,,,,,,,,,,,,14.520000457763672,,,,,,,,,,
2007-08-01,Close,,,,,,,,,,,,,,,,,,,,,,,,,,,,,,,,,,,,,14.489999771118164,,,,,,,,,,
2007-09-01,Close,,,,,,,,,,,,,,,,,,,,,,,,,,,,,,,,,,,,,14.329999923706055,,,,,,,,,,
2007-10-01,Close,,,,,,,,,,,,,,,,,,,,,,,,,,,,,,,,,,,,,13.850000381469727,,,,,,,,,,
2007-11-01,Close,,,,,,,,,,,,,,,,,,,,,,,,,,,,,,,,,,,,,13.449999809265137,,,,,,,,,,
2007-12-01,Close,,,,,,,,,,,,,,,,,,,,,,,,,,,,,,,,,,,,,13.520000457763672,,,,,,,,,,
2008-01-01,Close,,,,,,,,,,,,,37.9906005859375,,,,,,,,,,,,27.608200073242188,,17.40999984741211,,5.861690044403076,,,,13.76710033416748,,,,14.029999732971191,,,,,,,,,,
2008-02-01,Close,,,,,,,,,,,,,37.31639862060547,,,,,,,,,,,,28.862499237060547,20.015600204467773,17.5,,5.863059997558594,,,,13.26669979095459,22.99880027770996,,,13.130000114440918,,,,,,,,,,
2008-03-01,Close,,,,,,,,,,,,,36.36090087890625,,,,,,,,,,,,28.5408992767334,19.515499114990234,16.93000030517578,,5.73183012008667,,,,13.204000473022461,23.259199142456055,,,13.319999694824219,,,,,,,,,,
2008-04-01,Close,,,,,,,,,,,,,38.48030090332031,,,,,,,,,,,,28.526599884033203,19.86319923400879,19.010000228881836,,6.133130073547363,,,,13.83810043334961,24.2406005859375,,,13.40999984741211,,,,,,,,,,
2008-05-01,Close,,,,,,,,,,,,,38.645999908447266,,,,,,,,,,,,27.445100784301758,19.933799743652344,19.239999771118164,,6.040060043334961,,,,13.961299896240234,23.728099822998047,,,13.520000457763672,,,,,,,,,,
2008-06-01,Close,,,,,,,,,,,,,34.34299850463867,,,,,,,,,,,,24.063800811767578,17.170900344848633,18.34000015258789,,5.630859851837158,,,,12.77649974822998,21.12339973449707,,,12.899999618530273,,,,,,,,,,
2008-07-01,Close,,,,,,,,,,,,,33.64400100708008,,,,,,,,,,,,24.163000106811523,17.650100708007812,18.1299991607666,,5.420450210571289,,,,12.663900375366211,21.177600860595703,,,12.729999542236328,,,,,,,,,,
2008-08-01,Close,,,,,,,,,,,,,33.666900634765625,,,,,,,,,,,,24.195899963378906,17.12529945373535,19.34000015258789,,5.627029895782471,,,,12.789899826049805,20.820899963378906,,,12.880000114440918,,,,,,,,,,
2008-09-01,Close,,,,,,,,,,,,,30.434499740600586,,,,,,,,,,,,22.696800231933594,15.555000305175781,13.880000114440918,,4.9015398025512695,,,,11.643699645996094,19.249000549316406,,,11.359999656677246,,,,,,,,,,
2008-10-01,Close,,,,,,,,,,,,,25.865100860595703,,,,,,,,,,,,17.975500106811523,10.528300285339355,9.540010452270508,,4.383029937744141,,,,9.683300018310547,13.456999778747559,,,10.460000038146973,,,,,,,,,,
2008-11-01,Close,,,,,,,,,,,,,24.368200302124023,,,,,,,,,,,,15.916899681091309,7.798130035400391,8.530010223388672,,4.276269912719727,,,,8.929800033569336,11.401100158691406,,,9.40999984741211,,,,,,,,,,
2008-12-01,Close,,,,,,,,,,,,,24.547100067138672,,,,,,,,,,,,16.916799545288086,7.421500205993652,8.65999984741211,,4.4273600578308105,,,,9.0177001953125,12.554400444030762,,,9.449999809265137,,,,,,,,,,
2009-01-01,Close,,,,,,,,,,,,,22.149999618530273,,,,,,,,,,,,16.649999618530273,6.114920139312744,8.260000228881836,,4.650000095367432,,,,6.53000020980835,8.510000228881836,,,11.59000015258789,,,,,,,,,,
2009-02-01,Close,,,,,,,,,,,,,19.75,,,,,,,,,,,,15.470000267028809,4.0,6.920000076293945,,4.2729997634887695,,,,5.822000026702881,7.349999904632568,,,11.420000076293945,,,,,,,,,,
2009-03-01,Close,,,,,,,,,,,,,20.645000457763672,,,,,,,,,,,,15.170000076293945,4.829999923706055,7.39900016784668,,4.144999980926514,,,,5.994999885559082,7.28000020980835,,,11.100000381469727,,,,,,,,,,
2009-04-01,Close,,,,,,,,,,,,,24.059999465942383,,,,,,,,,,,,17.270000457763672,5.519999980926514,8.970000267028809,,4.7870001792907715,,,,6.666999816894531,8.369999885559082,,,12.010000228881836,,,,,,,,,,
2009-05-01,Close,,,,,,,,,,,,,25.0,,,,,,,,,,,,17.385000228881836,6.559999942779541,9.600000381469727,,5.098999977111816,,,,6.394000053405762,8.979999542236328,,,12.140000343322754,,,,,,,,,,
2009-06-01,Close,,,,,,,,,,,,,24.4950008392334,,,,,,,,107.61000061035156,,,,16.799999237060547,6.760000228881836,9.180000305175781,,5.013000011444092,,,,6.493000030517578,8.880000114440918,,,11.960000038146973,,,,,,,,,,
2009-07-01,Close,,,,,,,,,,,,,26.389999389648438,,,,,,,,111.44999694824219,,,,18.69499969482422,7.460000038146973,9.350000381469727,,5.40500020980835,,,,6.947999954223633,9.649999618530273,,,12.75,,,,,,,,,,
2009-08-01,Close,,,,,,,,,,,,,27.809999465942383,,,,,,,,112.45999908447266,,,,21.190000534057617,7.820000171661377,8.380000114440918,,5.519000053405762,,,,7.081999778747559,10.399999618530273,,,12.84000015258789,,,,,,,,,,
2009-09-01,Close,,,,,,,,,,,,,28.704999923706055,,,,,,,,113.8499984741211,,,,22.1200008392334,8.399999618530273,9.0600004196167,,5.61299991607666,,,,7.166999816894531,10.899999618530273,,,13.380000114440918,,,,,,,,,,
2009-10-01,Close,,,,,,,,,,,,,27.510000228881836,,,,,,,,114.77999877929688,,,,22.360000610351562,7.670000076293945,7.96999979019165,,5.631999969482422,,,,7.067999839782715,10.479999542236328,,,13.0,,,,,,,,,,
2009-11-01,Close,,,,,,,,,,,,,28.235000610351562,,,,,,,,115.63999938964844,,,,21.815000534057617,7.559999942779541,8.020000457763672,,5.677999973297119,,,,7.232999801635742,10.5,,,13.0,,,,,,,,,,
2009-12-01,Close,,,,,,,,,,,,,29.850000381469727,,,,,,,,113.1500015258789,,,,22.59000015258789,8.25,8.819999694824219,,6.076000213623047,,,,7.821000099182129,11.6899995803833,,,12.9399995803833,,,,,,,,,,
2010-01-01,Close,,,,,,,,,,,,,27.825000762939453,,,,,,,,114.93000030517578,,,,22.604999542236328,8.8100004196167,8.145000457763672,,5.985000133514404,,,,7.809000015258789,11.329999923706055,,,13.140000343322754,,,,,,,,,,
2010-02-01,Close,,,,,,,,,,,,,27.344999313354492,,,,,,,,115.62000274658203,,,,22.540000915527344,8.979999542236328,7.53000020980835,,5.97599983215332,,,73.9000015258789,8.060999870300293,11.859999656677246,,,13.279999732971191,,,,,,,,,,
2010-03-01,Close,,,,,,,,,,,,,29.3799991607666,,,,,,,,116.76000213623047,,,,24.040000915527344,9.960000038146973,8.045000076293945,,6.400000095367432,,,76.30999755859375,8.654000282287598,12.869999885559082,,,13.479999542236328,,,,,,,,,,
2010-04-01,Close,,,,,,,,,,,,,28.260000228881836,,,,,,,,117.23999786376953,,,,22.670000076293945,10.479999542236328,8.109999656677246,,6.432000160217285,,,78.4000015258789,9.029999732971191,13.359999656677246,,,13.619999885559082,,,,,,,,,,
2010-05-01,Close,,,,,,,,,,,,,26.59000015258789,,,,,,,,115.23999786376953,,,,21.149999618530273,9.680000305175781,7.119999885559082,,6.116000175476074,,,81.76000213623047,8.876999855041504,13.229999542236328,,,13.609999656677246,,,,,,,,,,
2010-06-01,Close,,,,,,,,89.08769989013672,,,,,25.844999313354492,,,,,,,,115.23999786376953,,,,21.985000610351562,9.199999809265137,6.947999954223633,,6.014999866485596,,,84.0,8.486000061035156,13.050000190734863,,,13.569999694824219,,,,81.62999725341797,,,,,,
2010-07-01,Close,,,,,,,,93.76000213623047,,,,,27.459999084472656,,,,,,,,116.55999755859375,,,,23.80500030517578,9.5649995803833,7.1479997634887695,,6.34499979019165,,,81.91999816894531,8.404999732971191,13.270000457763672,,,14.029999732971191,,,,88.66999816894531,,,,,,
2010-08-01,Close,,,,,,,,89.58000183105469,,,,,26.299999237060547,,,,,,,,118.5199966430664,,,,23.700000762939453,9.234999656677246,7.0329999923706055,,6.300000190734863,,,85.9000015258789,8.253999710083008,13.59000015258789,,,14.359999656677246,,,,88.12999725341797,,,,,,
2010-09-01,Close,,,,,,,,97.41000366210938,,,,,27.815000534057617,,,,,,,,118.23999786376953,,,,26.145000457763672,9.729999542236328,7.224999904632568,,6.409999847412109,,,80.94999694824219,8.37600040435791,13.729999542236328,,,14.430000305175781,,,,98.38999938964844,,,,,,
2010-10-01,Close,,,,,,,,101.08000183105469,,,,,28.510000228881836,,,,,,,,118.08999633789062,,,,26.915000915527344,10.024999618530273,6.978000164031982,,6.534999847412109,,,80.2300033569336,8.47599983215332,13.84000015258789,,,14.359999656677246,,,,101.29000091552734,,,,,,
2010-11-01,Close,,,,,,,,100.91999816894531,,,,,26.649999618530273,,,,,,,,116.61000061035156,,,,24.469999313354492,10.470000267028809,6.513000011444092,,6.59499979019165,,,81.86000061035156,9.017999649047852,14.149999618530273,,,13.670000076293945,,,,76.01000213623047,,,,,,
2010-12-01,Close,,,,,,,,107.60179901123047,,,,,27.940000534057617,,,,,,,,113.80999755859375,,,,26.655000686645508,11.119999885559082,6.833000183105469,,6.849999904632568,,,79.79000091552734,9.371000289916992,14.600000381469727,,,12.899999618530273,,,,80.55999755859375,,,,,,
2011-01-01,Close,,,,,,,,109.55000305175781,,,,,29.670000076293945,,,,,,,,113.72000122070312,,,,26.344999313354492,10.994999885559082,6.8979997634887695,,6.85099983215332,,,76.38999938964844,9.347999572753906,14.40999984741211,,,12.699999809265137,,,,76.98999786376953,,,,,,
2011-02-01,Close,,,,,,,,113.27999877929688,,,,,30.260000228881836,,,,,,,,114.58000183105469,,,,27.010000228881836,11.6899995803833,7.15500020980835,,7.050000190734863,,,75.30999755859375,9.571000099182129,14.6899995803833,,,12.770000457763672,,,,77.7699966430664,,,,,,
2011-03-01,Close,,,,,,,,113.9800033569336,,,,,29.2549991607666,,,,,,,,114.16999816894531,,,,27.530000686645508,11.125,7.59499979019165,,6.811999797821045,,,74.3499984741211,9.326000213623047,14.289999961853027,,,12.829999923706055,,,,77.30000305175781,,,,,,
2011-04-01,Close,,,,,,,,116.91000366210938,,,,,30.290000915527344,,,,,,,,114.8499984741211,,,,28.110000610351562,10.9350004196167,7.063000202178955,,6.860000133514404,,,71.5999984741211,9.154999732971191,14.220000267028809,,,12.859999656677246,,,,77.66999816894531,,,,,,
2011-05-01,Close,,,,18.049999237060547,,,,115.12999725341797,,,,,29.375,,,,,,,,116.08999633789062,,,30.739999771118164,28.44499969482422,10.744999885559082,6.7230000495910645,,6.827000141143799,,,74.47000122070312,9.272000312805176,14.75,,,13.25,,,,77.44999694824219,,,,,,
2011-06-01,Close,,,,17.5,,,,113.68000030517578,,,,,29.344999313354492,,,,,,,,113.62999725341797,,,30.1299991607666,27.905000686645508,10.300000190734863,6.505000114440918,,6.5879998207092285,,,74.41000366210938,9.071000099182129,14.260000228881836,,,13.420000076293945,,,,75.79000091552734,,,,,,
2011-07-01,Close,,,,17.780000686645508,,,,112.33999633789062,,,,,26.790000915527344,,,,,,,,114.68000030517578,,,32.52000045776367,27.075000762939453,9.925000190734863,5.90500020980835,,6.6570000648498535,,,75.95999908447266,9.013999938964844,14.289999961853027,,,13.199999809265137,,,,77.0999984741211,,,,,,
2011-08-01,Close,,,,15.880000114440918,,,,106.33999633789062,,,,,23.139999389648438,,,,,,,,111.68000030517578,,,36.529998779296875,25.290000915527344,8.729999542236328,5.349999904632568,,6.074999809265137,,,76.20999908447266,8.4399995803833,13.529999732971191,,,13.539999961853027,,,,70.33999633789062,,,,,,
2011-09-01,Close,,,,14.869999885559082,,,,99.25,,,,,21.90999984741211,,,,,,,,111.25,,,32.400001525878906,22.975000381469727,8.270000457763672,4.079999923706055,,5.913000106811523,,,77.61000061035156,8.529000282287598,12.760000228881836,,,13.699999809265137,,,,64.98999786376953,,,,,,
2011-10-01,Close,,,,16.020000457763672,,,,109.69000244140625,,,,,23.950000762939453,,,,,,,,113.5999984741211,,,34.41999816894531,24.125,8.869999885559082,4.019999980926514,,6.4070000648498535,,,77.91000366210938,9.057000160217285,13.710000038146973,,,13.489999771118164,,,,71.5999984741211,,,,,,
2011-11-01,Close,,,,15.1899995803833,,,,107.37999725341797,,,,,23.459999084472656,,,,,,,,110.69999694824219,,,34.810001373291016,22.46500015258789,8.524999618530273,3.9079999923706055,,6.414000034332275,,,79.9000015258789,9.154999732971191,13.470000267028809,,,13.699999809265137,,,,71.94999694824219,,,,,,
2011-12-01,Close,,,,15.84000015258789,,,,109.77999877929688,,,,,23.399999618530273,26.191640853881836,,,,,,,111.33000183105469,,,31.350000381469727,22.520000457763672,8.880000114440918,3.799999952316284,,6.63700008392334,,,83.56999969482422,9.694999694824219,14.350000381469727,,,14.239999771118164,,,,71.48999786376953,,,,,,
2012-01-01,Close,,,,17.3700008392334,,,,113.9800033569336,,,,,24.325000762939453,28.8514404296875,,,,,,,114.45999908447266,,,34.650001525878906,23.3799991607666,9.595000267028809,4.138000011444092,,6.829999923706055,,,81.66000366210938,9.987000465393066,14.880000114440918,,,14.829999923706055,,,,77.16999816894531,,,,,,
2012-02-01,Close,,,,17.969999313354492,,,,119.23999786376953,,,,,25.290000915527344,31.01445960998535,,,,,,,116.66999816894531,,,34.220001220703125,23.420000076293945,9.805000305175781,4.159999847412109,,6.982999801635742,,,83.41600036621094,10.180000305175781,14.979999542236328,,,14.960000038146973,,,,78.70999908447266,,,,,,
2012-03-01,Close,,,,17.469999313354492,,,,122.62000274658203,,,,,24.989999771118164,30.37540054321289,,,,,,,117.48999786376953,,,33.209999084472656,24.549999237060547,10.079999923706055,3.984999895095825,,6.928999900817871,,,83.41999816894531,10.529999732971191,15.119999885559082,,,14.430000305175781,,,,77.30999755859375,,,,,,
2012-04-01,Close,,,,17.540000915527344,,,,122.12000274658203,,,,,23.299999237060547,29.77865982055664,,,,,,,117.0,,,33.099998474121094,24.010000228881836,9.755000114440918,3.684999942779541,,7.086999893188477,,,85.0999984741211,10.520999908447266,15.550000190734863,,,14.649999618530273,,,,78.7699966430664,,,,,,
2012-05-01,Close,,,,16.979999542236328,,,,113.80000305175781,,,,,21.75,26.541160583496094,,,,,,,117.48999786376953,,,31.209999084472656,23.264999389648438,9.510000228881836,3.2780001163482666,,6.620999813079834,,,87.9800033569336,10.517999649047852,15.600000381469727,,,14.65999984741211,,,,74.29000091552734,,,,,,
2012-06-01,Close,,,,16.959999084472656,,,,118.58000183105469,,,,,23.364999771118164,22.049999237060547,,,,,,,115.66999816894531,,,31.8700008392334,24.225000381469727,10.005000114440918,3.3429999351501465,,6.900000095367432,,,89.91999816894531,10.668000221252441,16.170000076293945,,,15.069999694824219,,,,77.5999984741211,,,,,,9.511099815368652
2012-07-01,Close,,,,17.809999465942383,,,,121.44999694824219,,,,,23.40999984741211,22.90999984741211,,,,,,,118.23999786376953,,,32.279998779296875,25.739999771118164,10.585000038146973,3.0230000019073486,,7.185999870300293,,,95.18000030517578,11.223999977111816,17.1200008392334,,,15.5,,,,84.58999633789062,,,,,,9.081600189208984
2012-08-01,Close,,,,17.270000457763672,,,,123.98999786376953,,,,,24.514999389648438,22.450000762939453,,,,,,,119.26000213623047,,,33.40999984741211,25.1200008392334,10.595000267028809,3.138000011444092,,7.184000015258789,,,93.31999969482422,11.161999702453613,16.860000610351562,,,15.770000457763672,,,,83.55000305175781,,,,,,9.031999588012695
2012-09-01,Close,,,,18.139999389648438,,,,126.4800033569336,,,,,24.764999389648438,22.690000534057617,,,,,,,120.55000305175781,,,35.33000183105469,25.010000228881836,10.710000038146973,3.118000030517578,,7.2270002365112305,,,91.93000030517578,11.144000053405762,16.549999237060547,,,16.0,,,,83.7300033569336,,,,,,9.177200317382812
2012-10-01,Close,,,,17.920000076293945,,,,124.04000091552734,,,,,25.155000686645508,22.270000457763672,,,,,,,121.9000015258789,,,34.36000061035156,26.434999465942383,10.545000076293945,2.888000011444092,,7.2129998207092285,,,92.45999908447266,10.824000358581543,16.479999542236328,,,15.699999809265137,,,,84.56999969482422,,,,,,9.247300148010254
2012-11-01,Close,,,,18.350000381469727,,,,125.0999984741211,,,,,25.905000686645508,22.350000381469727,,,,,,,122.97000122070312,,,34.15999984741211,27.03499984741211,10.515000343322754,2.937999963760376,,7.210999965667725,,,93.02999877929688,10.812000274658203,16.549999237060547,,,16.219999313354492,,,,86.16999816894531,,,,,,9.779999732971191
2012-12-01,Close,,,,18.719999313354492,,,,126.12799835205078,,,,,26.454999923706055,23.360000610351562,,,,,,,122.12000274658203,,,33.060001373291016,27.09000015258789,14.290639877319336,3.1570000648498535,,7.216000080108643,,,91.83000183105469,10.536999702453613,16.6200008392334,,,15.289999961853027,,,,87.12000274658203,,,,,,10.630000114440918
2013-01-01,Close,,,,18.360000610351562,,,,132.52999877929688,,,,,27.21500015258789,22.510000228881836,,,,,,,120.41999816894531,,,33.119998931884766,26.575000762939453,11.404999732971191,3.118000030517578,,7.297999858856201,,,87.08000183105469,11.006999969482422,16.770000457763672,,,15.520000457763672,,,,89.05000305175781,,,,,,11.5649995803833
2013-02-01,Close,,,,19.040000915527344,,,,134.82000732421875,,,,,26.489999771118164,22.899999618530273,,,,,,,122.05000305175781,,,31.450000762939453,27.09000015258789,12.260000228881836,3.253000020980835,,7.34499979019165,,,89.9000015258789,11.562999725341797,17.450000762939453,,,15.470000267028809,,,,94.27999877929688,,,,,,12.051899909973145
2013-03-01,Close,,,,18.860000610351562,,,,139.30999755859375,,,,,26.3700008392334,22.729999542236328,,,,,80.56999969482422,,122.5999984741211,,,31.770000457763672,27.170000076293945,16.155439376831055,3.3429999351501465,,7.589000225067139,,,90.13999938964844,12.17199993133545,23.104209899902344,,,15.09000015258789,,,,96.27999877929688,,,,,,12.989999771118164
2013-04-01,Close,,,,18.690000534057617,,,,141.36000061035156,,,,,27.395000457763672,22.6299991607666,,,,,80.80000305175781,,124.16999816894531,,,29.200000762939453,28.59000015258789,12.600000381469727,3.690000057220459,,7.611999988555908,,,90.94000244140625,12.067999839782715,18.450000762939453,,,15.289999961853027,,,,96.83000183105469,,,,,,14.369999885559082
2013-05-01,Close,,,,18.829999923706055,,,,147.1699981689453,,,,,28.329999923706055,21.969999313354492,,,,,80.7300033569336,,123.83999633789062,,,27.709999084472656,27.9950008392334,12.574999809265137,4.019999980926514,,7.664000034332275,,,87.4800033569336,12.708999633789062,17.6299991607666,,,14.359999656677246,,,,89.38999938964844,,,,,,14.005000114440918
2013-06-01,Close,,,,17.670000076293945,,,,143.44000244140625,,,,,26.674999237060547,20.40999984741211,,,,,78.37000274658203,,120.16000366210938,,,24.149999618530273,25.9950008392334,12.260000228881836,3.9010000228881836,,7.271999835968018,,,82.0999984741211,12.354999542236328,16.90999984741211,,,13.930000305175781,,,,83.80000305175781,57.25,,,36.150001525878906,,14.21500015258789
2013-07-01,Close,,,,17.510000228881836,,,,151.3300018310547,,,,,27.815000534057617,20.1200008392334,,,,,79.11000061035156,,121.2699966430664,,,25.959999084472656,26.96500015258789,12.75,4.065000057220459,,7.5960001945495605,,,81.27999877929688,12.729999542236328,16.559999465942383,,,12.989999771118164,,,,85.05000305175781,58.095001220703125,,,37.06999969482422,,14.039999961853027
2013-08-01,Close,,,,17.40999984741211,,,,146.32000732421875,,,,,27.3799991607666,19.3700008392334,,,,,76.62999725341797,,120.87000274658203,,,27.860000610351562,25.864999771118164,12.494999885559082,3.930000066757202,,7.506999969482422,,,79.2300033569336,12.300999641418457,15.819999694824219,,,12.630000114440918,,,,84.69000244140625,58.80500030517578,,,36.220001220703125,,13.59000015258789
2013-09-01,Close,,,,17.829999923706055,,,,150.47000122070312,,,,,29.125,20.329999923706055,,,,,76.5,,121.80999755859375,,,26.43000030517578,26.8700008392334,13.210000038146973,4.380000114440918,,7.709000110626221,,,79.52999877929688,12.38599967956543,16.200000762939453,,,12.90999984741211,,,,89.19000244140625,55.3650016784668,,,37.0,,14.75
2013-10-01,Close,,,,18.600000381469727,,,,157.9600067138672,,,,,30.825000762939453,21.170000076293945,,,,,77.91000366210938,,123.2300033569336,,,26.260000228881836,27.78499984741211,13.135000228881836,4.482999801635742,,7.927000045776367,,,80.95999908447266,12.944999694824219,16.5,,,12.890000343322754,,,,92.41000366210938,55.529998779296875,,,38.58000183105469,,14.845000267028809
2013-11-01,Close,,,,18.59000015258789,,,,162.8300018310547,,,,,31.079999923706055,20.34000015258789,,,,,78.11000061035156,,123.44000244140625,,,24.920000076293945,27.780000686645508,13.4350004196167,4.4679999351501465,,7.942999839782715,,,78.80999755859375,13.25,15.829999923706055,,,12.470000267028809,,,,90.0,53.95500183105469,,,38.650001525878906,,15.664999961853027
2013-12-01,Close,,,,18.1200008392334,,,,166.13429260253906,,,,,31.43000030517578,19.399999618530273,,,,,77.81999969482422,,121.5999984741211,,,23.860000610351562,27.399999618530273,13.4399995803833,4.4120001792907715,,8.130000114440918,,,78.1500015258789,13.335000038146973,15.579999923706055,,,12.699999809265137,,,,87.04000091552734,53.790000915527344,,,38.36000061035156,52.19499969482422,16.239999771118164
2014-01-01,Close,,,,17.6200008392334,,,,160.0800018310547,,,,,30.34000015258789,18.200000762939453,,,,,79.33000183105469,,123.02999877929688,,,24.639999389648438,27.084999084472656,13.600000381469727,4.494999885559082,,7.885000228881836,,,78.33999633789062,13.196000099182129,15.850000381469727,,,13.319999694824219,,,,84.04000091552734,52.75,,,37.34000015258789,51.16999816894531,14.739999771118164
2014-02-01,Close,,,,17.75,,,,167.97999572753906,,,,,31.645000457763672,18.479999542236328,,,,,77.73999786376953,,123.63999938964844,,,26.290000915527344,28.834999084472656,13.859999656677246,4.76800012588501,,8.204999923706055,,,79.5999984741211,13.456000328063965,16.290000915527344,,,13.329999923706055,,,,88.0199966430664,53.6150016784668,,,38.349998474121094,53.970001220703125,15.015000343322754
2014-03-01,Close,,,,18.030000686645508,,,,168.97000122070312,,,,,31.834999084472656,19.270000457763672,,,,,77.88999938964844,,124.12000274658203,,,25.559999465942383,28.584999084472656,13.640000343322754,4.730000019073486,,7.9679999351501465,,,79.9000015258789,13.512999534606934,16.3799991607666,,,13.300000190734863,,,,90.12000274658203,54.54499816894531,,,38.630001068115234,53.47999954223633,14.829999923706055
2014-04-01,Close,,,,17.940000534057617,,,,169.57000732421875,,,,,32.279998779296875,19.350000381469727,,,,,78.0,,125.23999786376953,,,25.649999618530273,29.704999923706055,13.005000114440918,4.445000171661377,,8.274999618530273,,,80.25,13.510000228881836,16.729999542236328,,,13.5600004196167,,,,91.58999633789062,54.880001068115234,,,39.20000076293945,52.58000183105469,14.321700096130371
2014-05-01,Close,,,,18.969999313354492,,,,173.85000610351562,,,,,33.25,19.739999771118164,,,,,79.33000183105469,,126.31999969482422,,,24.700000762939453,30.799999237060547,13.4350004196167,4.757999897003174,,8.369999885559082,,,83.9800033569336,14.027000427246094,17.549999237060547,,,13.670000076293945,,,,94.58999633789062,54.97999954223633,,,40.459999084472656,53.529998779296875,14.944999694824219
2014-06-01,Close,,,,19.420000076293945,,,,177.67999267578125,,,,,33.16999816894531,19.8700008392334,,,,,79.86000061035156,,125.52999877929688,,,26.149999618530273,31.540000915527344,13.835000038146973,5.059999942779541,,8.404999732971191,,,83.75,14.288999557495117,17.6299991607666,,,13.729999542236328,,,,94.37999725341797,54.91999816894531,,,40.290000915527344,55.36000061035156,15.59000015258789
2014-07-01,Close,,,,20.540000915527344,,,,176.49000549316406,,,19.270000457763672,,31.40999984741211,20.34000015258789,,,,,79.9000015258789,,126.18000030517578,,,25.520000457763672,31.0,13.6850004196167,4.913000106811523,,8.463000297546387,,,84.91999816894531,14.491999626159668,17.979999542236328,,,13.5,,,,99.33000183105469,53.29499816894531,,,40.63999938964844,53.369998931884766,15.805000305175781
2014-08-01,Close,,,,21.079999923706055,,,,181.83999633789062,,,20.219999313354492,,31.924999237060547,20.780000686645508,,,,,79.97000122070312,,127.58999633789062,,,25.549999237060547,30.950000762939453,14.095000267028809,5.235000133514404,,8.503999710083008,,,87.08000183105469,15.166000366210938,18.649999618530273,,,13.5600004196167,,,,102.2699966430664,53.42499923706055,,,41.97999954223633,54.880001068115234,15.645000457763672
2014-09-01,Close,,,,20.699800491333008,,,,180.58999633789062,,,19.549999237060547,,32.54999923706055,19.8799991607666,,,,,81.0,,127.77999877929688,,,24.0,30.03499984741211,14.020000457763672,5.047999858856201,,8.487000465393066,,,88.58000183105469,15.670000076293945,18.290000915527344,,,13.329999923706055,,,,96.20999908447266,51.35499954223633,,,41.880001068115234,52.279998779296875,16.469999313354492
2014-10-01,Close,,,,21.167200088500977,,,,183.3300018310547,,,19.700000762939453,,31.34000015258789,19.799999237060547,,,,,82.5,,128.33999633789062,,,23.110000610351562,30.290000915527344,17.342199325561523,4.800000190734863,,8.336000442504883,,,90.5,16.0310001373291,19.459999084472656,,,13.489999771118164,,,,101.79000091552734,51.084999084472656,,,42.099998474121094,52.970001220703125,17.145000457763672
2014-11-01,Close,,,,21.30299949645996,,,189.72000122070312,189.30999755859375,,,19.700000762939453,,32.775001525878906,19.610000610351562,,,,,82.44000244140625,,129.0399932861328,,,23.40999984741211,31.469999313354492,14.34000015258789,4.755000114440918,26.440000534057617,8.381999969482422,,,90.68000030517578,16.60099983215332,19.940000534057617,,,13.470000267028809,,,,98.61000061035156,49.86000061035156,,,42.849998474121094,53.53499984741211,17.520000457763672
2014-12-01,Close,,,,21.520700454711914,,,191.81500244140625,188.13389587402344,,,19.440000534057617,,31.809999465942383,19.06999969482422,,,,,82.86000061035156,,128.5399932861328,,,23.74625015258789,32.16999816894531,14.619999885559082,4.683000087738037,26.440000534057617,8.397000312805176,,,90.19000244140625,17.111000061035156,20.84000015258789,,,13.529999732971191,,,32.47999954223633,98.41000366210938,46.86000061035156,,,42.66999816894531,53.70000076293945,17.2450008392334
2015-01-01,Close,,,,23.61989974975586,,,201.125,183.38999938964844,,,20.780000686645508,,33.869998931884766,20.31999969482422,,,,,88.36000061035156,,129.5399932861328,,,25.229999542236328,37.04999923706055,15.640000343322754,5.163000106811523,26.209999084472656,8.89900016784668,,,97.77999877929688,17.707000732421875,23.280000686645508,,,14.029999732971191,,,34.415000915527344,105.56999969482422,44.04499816894531,,,44.869998931884766,52.3849983215332,17.295000076293945
2015-02-01,Close,,,,24.324800491333008,,,215.97500610351562,193.55999755859375,,,21.84000015258789,,36.400001525878906,21.100000381469727,,,,,88.56999969482422,,130.3000030517578,,,24.110000610351562,39.09000015258789,16.55500030517578,5.7129998207092285,27.475000381469727,9.493000030517578,,,98.97000122070312,18.733999252319336,22.920000076293945,,,13.859999656677246,,,35.900001525878906,111.58000183105469,45.29999923706055,,,47.47999954223633,55.70000076293945,18.8700008392334
2015-03-01,Close,,,,25.48240089416504,,,221.25,191.02999877929688,,,22.290000915527344,,37.41999816894531,21.170000076293945,,,,,90.86000061035156,,130.1199951171875,,,23.520000457763672,38.57500076293945,17.135000228881836,6.4629998207092285,27.385000228881836,9.348999977111816,,,103.25,19.29800033569336,23.969999313354492,,,13.869999885559082,,,37.09000015258789,114.87999725341797,45.17499923706055,,,48.0099983215332,55.70500183105469,19.229999542236328
2015-04-01,Close,,,,26.112300872802734,,,216.6750030517578,192.9499969482422,,,23.09000015258789,,36.55500030517578,22.440000534057617,,,,,88.61000061035156,,129.35000610351562,,,23.350000381469727,37.599998474121094,16.604999542236328,6.525000095367432,27.434999465942383,9.5649995803833,,,99.7300033569336,18.707000732421875,22.399999618530273,,,14.079999923706055,,,36.09000015258789,114.29000091552734,46.150001525878906,,,48.310001373291016,56.494998931884766,19.80500030517578
2015-05-01,Close,,,,25.944799423217773,,,223.89999389648438,193.80999755859375,,,22.700000762939453,,36.63999938964844,21.450000762939453,,,,,91.12000274658203,,128.80999755859375,,,23.540000915527344,35.435001373291016,17.065000534057617,6.349999904632568,27.674999237060547,9.645000457763672,,,101.11000061035156,19.11199951171875,22.440000534057617,,,13.789999961853027,,,38.744998931884766,113.37999725341797,69.58000183105469,,,48.52000045776367,57.0,20.584999084472656
2015-06-01,Close,,,,24.493200302124023,,,214.86000061035156,190.25999450683594,,,21.56999969482422,,35.15999984741211,20.479999542236328,,,,,87.33000183105469,,125.0199966430664,,,23.190000534057617,33.744998931884766,16.354999542236328,5.849999904632568,27.3799991607666,9.187000274658203,,,97.11000061035156,18.43199920654297,21.149999618530273,,,13.529999732971191,,,38.83000183105469,107.18000030517578,43.35499954223633,,,45.97999954223633,56.494998931884766,20.109230041503906
2015-07-01,Close,,,,22.916799545288086,,,227.21499633789062,194.85000610351562,,,20.3799991607666,,36.36000061035156,18.6299991607666,,,,,87.9800033569336,,126.77999877929688,,,21.700000762939453,36.05500030517578,16.7549991607666,5.610000133514404,28.219999313354492,9.434000015258789,,,98.08000183105469,19.075000762939453,22.030000686645508,,,13.5,,,40.72999954223633,107.62000274658203,39.79999923706055,,,46.56999969482422,56.369998931884766,20.451379776000977
2015-08-01,Close,,,,20.507600784301758,,,209.60499572753906,182.66000366210938,,,18.149999618530273,,33.07500076293945,15.770000457763672,,,,,83.38999938964844,,125.63999938964844,,,22.469999313354492,34.869998931884766,15.524999618530273,4.945000171661377,26.2947998046875,8.520999908447266,,,95.12000274658203,17.566999435424805,20.469999313354492,,,13.399999618530273,,,36.32379913330078,93.0999984741211,38.93000030517578,,,42.63999938964844,53.147098541259766,18.834999084472656
2015-09-01,Close,,,,20.262300491333008,,,203.6199951171875,176.82000732421875,,,17.8799991607666,,31.350000381469727,15.220000267028809,,,,,81.44999694824219,,124.4800033569336,,,22.049999237060547,34.7599983215332,14.550000190734863,4.739999771118164,25.325000762939453,8.208999633789062,,,94.33999633789062,17.076000213623047,20.690000534057617,,,13.420000076293945,,,31.6200008392334,90.55999755859375,39.07500076293945,,,40.79999923706055,50.7400016784668,17.344999313354492
2015-10-01,Close,,,,22.05620002746582,,,231.27000427246094,193.5500030517578,,,19.31999969482422,,34.60499954223633,16.270000457763672,,,,5.136000156402588,85.02999877929688,,126.66999816894531,,,22.59000015258789,37.67499923706055,15.720000267028809,5.175000190734863,27.125,8.895999908447266,9.851249694824219,,97.77999877929688,18.889999389648438,22.170000076293945,,,13.859999656677246,,,34.66999816894531,98.0999984741211,38.279998779296875,,,44.56999969482422,53.904998779296875,19.09000015258789
2015-11-01,Close,,,,22.301599502563477,,,241.5500030517578,193.7899932861328,,,19.489999771118164,,35.45000076293945,16.270000457763672,,20.88249969482422,,5.429999828338623,86.37999725341797,,127.43000030517578,,,21.020000457763672,37.040000915527344,16.024999618530273,5.144999980926514,27.235000610351562,9.097000122070312,10.0,,102.02999877929688,19.73200035095215,22.610000610351562,,,13.949999809265137,,,35.724998474121094,101.51000213623047,36.98500061035156,,,45.86000061035156,54.65999984741211,19.44923973083496
2015-12-01,Close,,,,21.5132999420166,,,233.33999633789062,189.98890686035156,,,18.489999771118164,,33.064998626708984,15.180000305175781,,20.09749984741211,,5.25,82.08000183105469,,126.38999938964844,,,20.959999084472656,36.75,14.960000038146973,5.2230000495910645,27.329999923706055,8.449000358581543,9.6899995803833,4.9120001792907715,96.68000030517578,18.820999145507812,22.15999984741211,,,14.229999542236328,,,36.1349983215332,100.7300033569336,35.89500045776367,,,43.54999923706055,53.404998779296875,19.040000915527344
2016-01-01,Close,,,,20.01300048828125,,,213.7949981689453,177.92999267578125,,,17.290000915527344,,30.834999084472656,14.220000267028809,,18.77750015258789,,4.880000114440918,81.66999816894531,,125.91999816894531,,,22.06999969482422,35.57500076293945,13.829999923706055,4.630000114440918,25.780000686645508,7.9079999923706055,8.039999961853027,4.360499858856201,97.05999755859375,17.642000198364258,21.200000762939453,,,14.1899995803833,,4.276000022888184,27.81999969482422,92.12999725341797,36.28499984741211,,,41.310001373291016,48.779998779296875,17.78499984741211
2016-02-01,Close,,,,19.660200119018555,,,214.72500610351562,182.07000732421875,,,17.420000076293945,,29.735000610351562,14.829999923706055,,20.172500610351562,,4.78000020980835,81.58000183105469,,126.56999969482422,,,24.389999389648438,35.58000183105469,13.795000076293945,4.534999847412109,25.81999969482422,7.802000045776367,8.069999694824219,4.357999801635742,98.06999969482422,17.974000930786133,21.399999618530273,,,14.399999618530273,,4.309000015258789,27.510000228881836,92.29000091552734,36.974998474121094,9.329999923706055,62.61000061035156,41.4900016784668,49.709999084472656,15.85509967803955
2016-03-01,Close,,,,20.87929916381836,,,216.1699981689453,192.80999755859375,,,18.6299991607666,,30.3799991607666,15.75,,21.322500228881836,,4.860000133514404,79.77999877929688,,128.5,,,24.40999984741211,37.89500045776367,14.475000381469727,4.751999855041504,27.100000381469727,7.730999946594238,8.6899995803833,4.63700008392334,96.19999694824219,18.03499984741211,22.190000534057617,,,14.739999771118164,,4.435999870300293,27.600000381469727,97.63999938964844,37.45000076293945,10.1899995803833,63.65999984741211,42.11000061035156,53.79999923706055,16.530000686645508
2016-04-01,Close,,,,20.500499725341797,,,206.4250030517578,192.67999267578125,,,18.450000762939453,,30.795000076293945,15.960000038146973,,22.302499771118164,,4.889999866485596,81.56999969482422,,128.8000030517578,,,25.549999237060547,37.30500030517578,14.545000076293945,4.659999847412109,26.8700008392334,7.925000190734863,8.90999984741211,4.769999980926514,97.0,17.87700080871582,21.8799991607666,,,15.1899995803833,,4.130000114440918,28.264999389648438,98.41999816894531,39.564998626708984,10.039999961853027,63.70000076293945,42.369998931884766,54.494998931884766,15.649999618530273
2016-05-01,Close,,,,20.82740020751953,,,222.625,196.33999633789062,,,18.329999923706055,,31.360000610351562,15.399999618530273,,22.940000534057617,,5.079999923706055,83.47000122070312,,129.13999938964844,,,23.969999313354492,38.560001373291016,14.850000381469727,4.480000019073486,27.614999771118164,8.152000427246094,8.819999694824219,4.888999938964844,98.58000183105469,18.783000946044922,22.40999984741211,,,15.020000457763672,,4.504000186920166,29.709999084472656,99.27999877929688,40.2599983215332,9.9399995803833,66.5199966430664,43.59000015258789,55.4900016784668,16.849750518798828
2016-06-01,Close,,,,21.453399658203125,,,217.15499877929688,195.0800018310547,,,19.149999618530273,,29.485000610351562,16.34000015258789,,22.3174991607666,,4.659999847412109,84.27999877929688,,130.52000427246094,,,26.06999969482422,37.80500030517578,14.369999885559082,4.598999977111816,28.19499969482422,7.689000129699707,8.65999984741211,4.6545000076293945,101.93000030517578,18.65999984741211,23.389999389648438,,,15.670000076293945,,4.389999866485596,27.299999237060547,100.97000122070312,45.35499954223633,10.470000267028809,65.44000244140625,42.93000030517578,54.20500183105469,15.076199531555176
2016-07-01,Close,,,,22.334400177001953,,,232.875,204.05999755859375,,,20.049999237060547,,30.78499984741211,17.579999923706055,,23.642499923706055,,4.869999885559082,85.61000061035156,,131.57000732421875,,,26.610000610351562,40.31999969482422,15.25,4.742000102996826,29.06999969482422,7.8979997634887695,9.5,4.891499996185303,102.44999694824219,19.371000289916992,24.68000030517578,,,15.890000343322754,,4.73199987411499,30.5049991607666,107.16000366210938,42.900001525878906,10.850000381469727,67.80000305175781,44.27000045776367,57.43000030517578,15.805000305175781
2016-08-01,Close,,,,23.316099166870117,,,235.22000122070312,203.97000122070312,,,20.420000076293945,,30.549999237060547,17.493000030517578,,23.889999389648438,,4.929999828338623,87.38999938964844,,131.89999389648438,,,25.809999465942383,40.35499954223633,15.529999732971191,4.803999900817871,28.28499984741211,7.964000225067139,9.789999961853027,5.050000190734863,104.29000091552734,19.393999099731445,23.8700008392334,,,15.399999618530273,,4.830999851226807,29.924999237060547,105.4000015258789,43.30500030517578,10.739999771118164,67.77999877929688,44.63999938964844,57.439998626708984,16.174999237060547
2016-09-01,Close,,,,23.405799865722656,,,238.6999969482422,204.61000061035156,,,20.739999771118164,,30.5,17.35300064086914,,23.479999542236328,,4.960000038146973,84.9000015258789,,131.66000366210938,,,26.06999969482422,39.334999084472656,15.609999656677246,4.73799991607666,28.600000381469727,7.883999824523926,10.1899995803833,4.932000160217285,102.91999816894531,19.20400047302246,23.559999465942383,,,15.329999923706055,,4.9079999923706055,30.75,108.55000305175781,45.2400016784668,10.779999732971191,67.83000183105469,44.20000076293945,58.33000183105469,16.123600006103516
2016-10-01,Close,4.559000015258789,4.446000099182129,4.146999835968018,23.640199661254883,,,241.7899932861328,201.02000427246094,,,21.110000610351562,,31.065000534057617,17.854999542236328,,22.979999542236328,,4.909999847412109,86.44000244140625,,130.47000122070312,,,25.1200008392334,36.849998474121094,15.770000457763672,4.706999778747559,27.68000030517578,7.656000137329102,9.604999542236328,5.059999942779541,103.86000061035156,19.35300064086914,22.479999542236328,,,14.239999771118164,,5.038000106811523,27.424999237060547,108.02999877929688,48.59000015258789,11.029999732971191,67.63999938964844,44.720001220703125,56.15999984741211,16.950000762939453
2016-11-01,Close,4.802000045776367,4.702000141143799,4.315999984741211,23.60540008544922,,,252.58999633789062,208.89999389648438,,,20.84000015258789,,30.90999984741211,17.780000686645508,,24.272499084472656,,5.03000020980835,88.22000122070312,,129.0,,,23.100000381469727,35.57500076293945,16.415000915527344,4.375,28.0,7.978000164031982,9.767499923706055,5.739999771118164,102.30999755859375,20.836000442504883,22.489999771118164,,,13.460000038146973,,5.224999904632568,29.389999389648438,112.05999755859375,48.744998931884766,10.649999618530273,70.91999816894531,46.77000045776367,58.709999084472656,18.149999618530273
2016-12-01,Close,4.933000087738037,4.741000175476074,4.298999786376953,23.395200729370117,,,254.9149932861328,212.5,,,20.81999969482422,,33.34000015258789,17.933000564575195,,24.43000030517578,,5.21999979019165,90.20999908447266,,130.1300048828125,,,22.84000015258789,37.345001220703125,16.735000610351562,4.392000198364258,28.389999389648438,8.25,9.550000190734863,5.960000038146973,103.62999725341797,21.17799949645996,23.190000534057617,,,13.420000076293945,,5.357999801635742,28.434999465942383,111.58999633789062,61.7599983215332,10.84000015258789,72.41000366210938,47.83000183105469,60.15999984741211,18.389999389648438
2017-01-01,Close,5.0929999351501465,4.741000175476074,4.260000228881836,24.161399841308594,,,259.9100036621094,215.00999450683594,,,21.59000015258789,,32.82500076293945,18.719999313354492,,24.81999969482422,,5.25,89.33000183105469,,128.0800018310547,,,23.889999389648438,36.14500045776367,16.975000381469727,4.440000057220459,29.139999389648438,8.177000045776367,10.140000343322754,5.949999809265137,102.36000061035156,20.91200065612793,22.8799991607666,,,13.770000457763672,,5.364999771118164,29.024999618530273,114.81999969482422,50.3849983215332,11.109999656677246,71.54000091552734,47.459999084472656,60.86000061035156,18.280000686645508
2017-02-01,Close,5.304999828338623,4.988999843597412,4.618000030517578,25.45639991760254,,,277.67498779296875,224.67999267578125,,,22.59000015258789,,33.595001220703125,19.81999969482422,,26.350000381469727,,5.420000076293945,91.62999725341797,,129.6999969482422,,,24.780000686645508,37.38999938964844,17.725000381469727,4.757999897003174,29.985000610351562,8.461999893188477,10.59000015258789,6.269999980926514,105.6500015258789,22.23200035095215,23.84000015258789,,,13.75,,5.764999866485596,31.795000076293945,121.0,63.08000183105469,11.4399995803833,74.6500015258789,49.43000030517578,63.02000045776367,18.524999618530273
2017-03-01,Close,5.434999942779541,4.9710001945495605,4.616000175476074,26.124399185180664,,,281.2049865722656,225.0500030517578,,,23.1200008392334,,35.494998931884766,20.165000915527344,,26.219999313354492,,5.590000152587891,88.77999877929688,,129.11000061035156,,,24.549999237060547,37.834999084472656,17.8799991607666,4.6579999923706055,30.540000915527344,8.494000434875488,11.079999923706055,6.130000114440918,104.75,22.04199981689453,23.360000610351562,,,13.550000190734863,,5.875,31.270000457763672,123.33000183105469,60.974998474121094,11.770000457763672,75.37000274658203,49.54999923706055,63.0,18.3700008392334
2017-04-01,Close,5.427999973297119,4.960000038146973,4.645999908447266,26.199499130249023,,,282.54998779296875,226.8300018310547,,,23.079999923706055,,36.2400016784668,19.81800079345703,,26.690000534057617,,5.739999771118164,88.61000061035156,,129.99000549316406,,,24.979999542236328,38.73500061035156,18.295000076293945,4.538000106811523,31.059999465942383,8.5,10.579999923706055,6.070000171661377,104.02999877929688,21.774999618530273,23.139999389648438,,,13.8100004196167,,5.880000114440918,31.53499984741211,121.16999816894531,46.13999938964844,11.609999656677246,75.33999633789062,48.90999984741211,64.20999908447266,18.561800003051758
2017-05-01,Close,5.539999961853027,4.8470001220703125,4.5960001945495605,26.507400512695312,,,284.1499938964844,229.69000244140625,,,22.940000534057617,,36.45500183105469,19.6299991607666,,26.704999923706055,,5.78000020980835,87.25,5.010000228881836,130.3800048828125,,,24.969999313354492,40.68000030517578,17.450000762939453,4.433000087738037,32.279998779296875,8.618000030517578,11.15999984741211,5.949999809265137,101.16999816894531,21.356000900268555,22.31999969482422,,,14.039999961853027,,5.960000038146973,30.21500015258789,116.25,58.779998779296875,11.609999656677246,74.0,48.349998474121094,64.33000183105469,18.948299407958984
2017-06-01,Close,5.377999782562256,4.910999774932861,4.7230000495910645,26.58009910583496,,,274.0249938964844,231.2899932861328,,,22.8799991607666,,35.3849983215332,19.038000106811523,,27.5049991607666,,5.610000133514404,86.43000030517578,5.006249904632568,129.67999267578125,,,24.469999313354492,39.185001373291016,17.5,4.382999897003174,32.47999954223633,8.230999946594238,11.109999656677246,6.349999904632568,98.81999969482422,21.125999450683594,22.229999542236328,,,14.130000114440918,,5.724999904632568,33.0099983215332,116.88999938964844,44.994998931884766,11.4399995803833,73.16000366210938,47.33000183105469,65.31999969482422,19.424999237060547
2017-07-01,Close,5.465000152587891,4.879000186920166,4.5289998054504395,27.13640022277832,,,276.2049865722656,236.13999938964844,,,23.299999237060547,,35.540000915527344,19.03499984741211,,27.780000686645508,,5.619999885559082,85.44999694824219,5.019999980926514,129.64999389648438,,,24.979999542236328,39.05500030517578,17.420000076293945,4.453000068664551,33.529998779296875,8.156000137329102,10.789999961853027,6.460000038146973,96.22000122070312,20.892000198364258,21.799999237060547,,,14.319999694824219,,5.78000020980835,34.11000061035156,118.05999755859375,46.41999816894531,11.4399995803833,72.18000030517578,47.02000045776367,66.83000183105469,19.514999389648438
2017-08-01,Close,5.625,4.868000030517578,4.659999847412109,27.27039909362793,,,277.9649963378906,236.25,,,23.670000076293945,,34.64500045776367,19.565000534057617,,27.450000762939453,,5.579999923706055,84.83999633789062,5.023749828338623,130.38999938964844,,,25.940000534057617,39.84000015258789,17.049999237060547,4.468999862670898,33.869998931884766,8.039999961853027,10.899999618530273,6.360000133514404,96.97000122070312,20.716999053955078,21.65999984741211,,,14.350000381469727,,5.90500020980835,35.040000915527344,117.5199966430664,47.744998931884766,11.609999656677246,71.58000183105469,46.65999984741211,66.58999633789062,19.125
2017-09-01,Close,5.864999771118164,4.90500020980835,4.7210001945495605,27.407400131225586,,,279.6050109863281,240.97000122070312,,,23.75,,36.45000076293945,19.024999618530273,,28.030000686645508,,5.820000171661377,83.73999786376953,5.019999980926514,130.07000732421875,,,25.270000457763672,39.689998626708984,17.760000228881836,4.453000068664551,34.75,8.255000114440918,11.140000343322754,6.679999828338623,96.77999877929688,21.176000595092773,21.639999389648438,,,14.100000381469727,,5.978000164031982,35.185001373291016,117.4000015258789,46.279998779296875,11.510000228881836,73.47000122070312,47.599998474121094,69.51000213623047,20.204999923706055
2017-10-01,Close,6.28000020980835,5.039999961853027,4.9629998207092285,29.273000717163086,,,296.8500061035156,247.1199951171875,,,24.989999771118164,,37.345001220703125,19.360000610351562,,28.139999389648438,,5.96999979019165,85.0199966430664,5.010000228881836,131.5800018310547,,,24.979999542236328,40.224998474121094,18.020000457763672,4.671999931335449,36.43000030517578,8.45199966430664,11.390000343322754,6.889999866485596,98.27999877929688,22.020000457763672,21.770000457763672,,,13.859999656677246,,6.51200008392334,33.349998474121094,120.94000244140625,48.15999984741211,11.9399995803833,76.55999755859375,48.54999923706055,70.3499984741211,21.475000381469727
2017-11-01,Close,6.414999961853027,5.019999980926514,5.034999847412109,28.621200561523438,,,295.739990234375,254.02000427246094,,,24.59000015258789,,36.19499969482422,18.69499969482422,,29.219999313354492,,5.800000190734863,83.37999725341797,5.0,131.3300018310547,,,25.139999389648438,40.52000045776367,17.190000534057617,4.295000076293945,37.040000915527344,8.253999710083008,11.59000015258789,7.139999866485596,95.55999755859375,22.14299964904785,21.829999923706055,,,13.960000038146973,,6.452000141143799,33.400001525878906,120.27999877929688,47.619998931884766,11.789999961853027,76.4000015258789,48.25,71.80000305175781,21.71500015258789
2017-12-01,Close,6.375,5.085000038146973,5.135000228881836,29.20009994506836,5.005000114440918,,296.0,258.32000732421875,,,25.110000610351562,,35.58000183105469,19.03499984741211,,29.93000030517578,,5.900000095367432,83.1500015258789,5.0,130.9499969482422,,,25.510000228881836,41.685001373291016,17.399999618530273,4.507999897003174,37.5,8.515000343322754,11.850000381469727,7.329999923706055,95.66999816894531,22.236000061035156,21.90999984741211,,,13.829999923706055,,6.482999801635742,34.53499984741211,123.5999984741211,49.029998779296875,12.380000114440918,77.0199966430664,48.58000183105469,73.3499984741211,21.920000076293945
2018-01-01,Close,6.73199987411499,5.192999839782715,5.611000061035156,30.387399673461914,4.946700096130371,,310.1499938964844,272.3500061035156,,,26.19099998474121,,36.650001525878906,19.72800064086914,,31.889999389648438,,6.059999942779541,81.41000366210938,4.980000019073486,129.99000549316406,,,26.3799991607666,41.369998931884766,17.597999572753906,4.480999946594238,40.2599983215332,8.480999946594238,12.399999618530273,7.730000019073486,91.26000213623047,22.64699935913086,20.854000091552734,,,13.289999961853027,,6.663000106811523,36.625,123.5199966430664,67.5250015258789,12.644000053405762,77.19999694824219,49.12900161743164,75.5199966430664,22.25
2018-02-01,Close,6.565999984741211,5.098999977111816,5.48799991607666,29.364299774169922,4.926700115203857,,314.1499938964844,265.20001220703125,,,25.398000717163086,,34.82500076293945,19.59600067138672,,30.469999313354492,,5.900000095367432,81.76000213623047,4.980000019073486,129.86000061035156,,,25.920000076293945,39.209999084472656,16.986000061035156,4.453499794006348,39.95500183105469,8.118000030517578,13.0,7.610000133514404,90.94000244140625,22.402000427246094,19.85700035095215,,,13.020000457763672,,6.857999801635742,34.915000915527344,121.81999969482422,48.150001525878906,12.348999977111816,75.87000274658203,47.69499969482422,73.0199966430664,21.200000762939453
2018-03-01,Close,6.451000213623047,4.9664998054504395,5.5320000648498535,28.994600296020508,4.9583001136779785,,295.04998779296875,254.6999969482422,,,24.993999481201172,,34.099998474121094,19.145999908447266,,28.989999771118164,,5.789999961853027,79.33000183105469,4.989999771118164,129.67999267578125,,,26.0,40.39500045776367,16.3439998626709,4.47599983215332,38.13999938964844,7.982999801635742,13.079999923706055,7.139999866485596,90.4000015258789,21.301000595092773,20.211000442504883,,,12.6899995803833,,6.434000015258789,34.154998779296875,116.27999877929688,46.81999969482422,12.131999969482422,73.43000030517578,45.834999084472656,72.5,20.80500030517578
2018-04-01,Close,6.375,5.114999771118164,5.445000171661377,29.166500091552734,4.927599906921387,,306.8500061035156,258.6000061035156,,,25.16900062561035,,36.09000015258789,18.922000885009766,,29.790000915527344,,6.010000228881836,80.69000244140625,4.980000019073486,129.80999755859375,,,25.84000015258789,42.09000015258789,16.972000122070312,4.758500099182129,38.970001220703125,8.505999565124512,13.619999885559082,7.239999771118164,89.93000030517578,22.072999954223633,20.945999145507812,,,12.5,,6.668000221252441,33.38999938964844,121.63999938964844,50.2400016784668,12.09000015258789,76.62000274658203,47.38999938964844,73.63999938964844,21.56999969482422
2018-05-01,Close,6.698999881744385,5.252999782562256,5.748000144958496,29.677499771118164,4.916999816894531,,332.95001220703125,262.75,,,25.139999389648438,,34.96500015258789,19.191999435424805,,29.889999389648438,,6.159999847412109,82.13999938964844,5.0,129.22000122070312,,,25.600000381469727,42.34000015258789,17.25,4.78249979019165,39.849998474121094,8.732999801635742,14.229999542236328,7.110000133514404,91.6500015258789,23.226999282836914,21.893999099731445,,,12.600000381469727,,7.369999885559082,34.66999816894531,126.13999938964844,52.0,11.6899995803833,79.16000366210938,47.7400016784668,75.41000366210938,20.950000762939453
2018-06-01,Close,6.433000087738037,5.113500118255615,5.619999885559082,28.282499313354492,4.934599876403809,,337.3999938964844,265.8999938964844,5.135499954223633,,24.017000198364258,,34.939998626708984,18.381000518798828,,30.75,,6.019999980926514,82.2300033569336,5.0,129.33999633789062,,,24.59000015258789,41.650001525878906,17.34000015258789,4.369500160217285,39.790000915527344,8.555000305175781,13.960000038146973,7.059999942779541,90.25,23.35099983215332,22.2549991607666,,,12.59000015258789,,7.355000019073486,35.220001220703125,124.72000122070312,50.869998931884766,11.217000007629395,79.27999877929688,46.88999938964844,75.16000366210938,20.899999618530273
2018-07-01,Close,6.550000190734863,5.204999923706055,5.664000034332275,28.675199508666992,4.9243998527526855,,343.6000061035156,273.3999938964844,5.09250020980835,,24.610000610351562,,36.32500076293945,19.15999984741211,,31.850000381469727,,6.179999828338623,83.23999786376953,5.0,129.05999755859375,,,24.030000686645508,42.599998474121094,18.04400062561035,4.541999816894531,40.45000076293945,8.607999801635742,13.779999732971191,7.300000190734863,92.0199966430664,23.968000411987305,22.395999908447266,,,12.5,,7.447999954223633,37.21500015258789,126.44000244140625,49.869998931884766,11.699999809265137,80.62999725341797,48.28499984741211,75.5999984741211,21.31999969482422
2018-08-01,Close,6.7210001945495605,5.238999843597412,6.034999847412109,28.329999923706055,4.923500061035156,,366.8999938964844,282.29998779296875,5.191999912261963,,23.913000106811523,,34.35499954223633,18.573999404907227,,32.33000183105469,,6.070000171661377,84.0999984741211,5.019999980926514,128.94000244140625,,,23.59000015258789,43.099998474121094,18.13800048828125,4.349999904632568,42.15999984741211,8.295999526977539,15.09000015258789,7.369999885559082,90.19999694824219,24.913999557495117,22.618999481201172,,,12.59000015258789,,8.01200008392334,38.959999084472656,124.91999816894531,49.84000015258789,11.385000228881836,81.77999877929688,47.862998962402344,77.06999969482422,21.045000076293945
2018-09-01,Close,6.499000072479248,5.288000106811523,6.208000183105469,28.074399948120117,4.8927001953125,,365.8500061035156,284.25,5.021500110626221,,23.900999069213867,,34.474998474121094,18.29800033569336,,32.76499938964844,,6.059999942779541,82.36000061035156,5.010000228881836,128.67999267578125,,,23.40999984741211,41.31999969482422,18.3799991607666,4.310999870300293,42.7400016784668,8.317999839782715,15.029999732971191,7.269999980926514,91.41999816894531,25.00200080871582,21.93400001525879,,,12.3100004196167,,7.9730000495910645,39.0,123.83999633789062,49.2599983215332,11.454999923706055,82.41000366210938,48.040000915527344,76.31999969482422,22.045000076293945
2018-10-01,Close,5.75,4.9730000495910645,5.453000068664551,25.55150032043457,4.874899864196777,,343.1000061035156,264.45001220703125,4.872000217437744,,22.290000915527344,,32.47999954223633,17.98200035095215,,30.799999237060547,,5.659999847412109,82.20999908447266,5.019999980926514,128.33999633789062,,,23.860000610351562,39.744998931884766,17.13800048828125,4.163000106811523,38.470001220703125,7.955999851226807,13.550000190734863,6.909999847412109,91.04000091552734,23.910999298095703,21.913000106811523,,,12.100000381469727,,7.547999858856201,33.22999954223633,116.27999877929688,,11.015000343322754,78.06999969482422,46.41899871826172,68.62000274658203,20.0049991607666
2018-11-01,Close,5.953999996185303,5.077000141143799,5.699999809265137,26.95400047302246,4.881899833679199,,339.54998779296875,267.5,4.94474983215332,,23.288999557495117,,32.125,18.579999923706055,,32.060001373291016,,5.53000020980835,81.58000183105469,5.03000020980835,127.55000305175781,,,23.950000762939453,39.93000030517578,16.615999221801758,4.519000053405762,38.650001525878906,7.822999954223633,13.899999618530273,7.03000020980835,90.30999755859375,24.13599967956543,22.2549991607666,,,12.300000190734863,,7.322999954223633,34.505001068115234,119.87999725341797,,11.543999671936035,79.4000015258789,46.875,68.91000366210938,20.229999542236328
2018-12-01,Close,5.38700008392334,4.600500106811523,5.15500020980835,26.020999908447266,4.934800148010254,,309.3999938964844,243.0,5.2144999504089355,,22.659000396728516,,30.6200008392334,17.75,,29.440000534057617,,5.199999809265137,79.41999816894531,5.070000171661377,127.72000122070312,,,25.170000076293945,37.939998626708984,15.107999801635742,4.1875,36.05500030517578,7.420000076293945,12.829999923706055,6.28000020980835,90.0,21.812000274658203,20.891000747680664,,,12.25,,6.679999828338623,30.6200008392334,115.94000244140625,,11.35099983215332,73.33999633789062,43.64500045776367,62.630001068115234,18.17799949645996
2019-01-01,Close,6.064000129699707,4.977499961853027,5.559000015258789,27.920000076293945,4.982900142669678,,336.25,264.25,5.257999897003174,,24.54599952697754,,32.1349983215332,19.832000732421875,,32.05500030517578,,5.71999979019165,83.01000213623047,5.086999893188477,128.61000061035156,,,25.924999237060547,41.470001220703125,16.68000030517578,4.7779998779296875,38.2400016784668,7.900000095367432,14.420000076293945,6.797500133514404,94.41000366210938,23.483999252319336,23.10700035095215,,,12.770000457763672,,7.14900016784668,34.97999954223633,124.55999755859375,,12.0,77.54000091552734,46.361000061035156,68.98500061035156,19.18199920654297
2019-02-01,Close,6.406000137329102,5.120999813079834,5.784999847412109,28.07200050354004,4.9710001945495605,,348.8500061035156,273.5,5.173999786376953,,24.488000869750977,,33.3849983215332,19.399999618530273,,33.220001220703125,,5.860000133514404,84.4000015258789,5.090000152587891,129.49000549316406,,,25.792499542236328,40.1349983215332,17.45199966430664,4.942999839782715,39.9900016784668,8.206999778747559,15.5600004196167,6.994999885559082,94.93000030517578,24.472000122070312,23.23699951171875,,,12.869999885559082,,7.693999767303467,35.95000076293945,129.8000030517578,,11.800000190734863,80.93000030517578,47.81999969482422,72.05999755859375,19.70800018310547
2019-03-01,Close,6.61299991607666,5.11299991607666,5.836999893188477,29.04400062561035,5.053199768066406,,366.5,277.45001220703125,5.451000213623047,,25.107999801635742,,33.994998931884766,19.52199935913086,,33.150001525878906,,5.896999835968018,84.1719970703125,5.124000072479248,131.14999389648438,4.305500030517578,,25.407499313354492,42.72999954223633,17.746000289916992,5.038000106811523,40.70000076293945,8.335000038146973,15.390000343322754,6.795000076293945,97.47599792480469,25.075000762939453,24.284000396728516,,,13.390000343322754,,8.151000022888184,35.55500030517578,133.0399932861328,,11.869999885559082,82.69999694824219,48.36800003051758,71.68000030517578,19.576000213623047
2019-04-01,Close,7.070000171661377,5.197999954223633,5.604000091552734,29.62579917907715,5.03380012512207,,386.1000061035156,287.95001220703125,5.356500148773193,,25.60099983215332,,35.814998626708984,19.709999084472656,,34.560001373291016,,6.090000152587891,85.10199737548828,5.130000114440918,132.11000061035156,4.629499912261963,,25.167499542236328,41.900001525878906,18.875999450683594,5.236000061035156,41.939998626708984,8.567999839782715,16.139999389648438,7.364999771118164,97.34400177001953,26.072999954223633,23.981000900268555,21.53499984741211,,13.380000114440918,,8.664999961853027,33.724998474121094,135.66000366210938,,12.166999816894531,85.7300033569336,49.560001373291016,73.23999786376953,20.045000076293945
2019-05-01,Close,6.256999969482422,4.986499786376953,5.4029998779296875,27.232999801635742,5.091000080108643,,360.0,272.45001220703125,5.701000213623047,,23.924999237060547,,33.71500015258789,19.077999114990234,,32.06999969482422,,5.739999771118164,83.9520034790039,5.163000106811523,131.6699981689453,4.000500202178955,,25.488750457763672,42.73500061035156,18.00200080871582,5.1570000648498535,40.689998626708984,8.092000007629395,15.295000076293945,6.925000190734863,97.70600128173828,24.777000427246094,23.791000366210938,20.815000534057617,,13.6899995803833,,8.050999641418457,32.20500183105469,131.9199981689453,,11.8149995803833,82.02999877929688,47.435001373291016,68.86000061035156,18.606000900268555
2019-06-01,Close,6.664000034332275,5.119999885559082,5.561999797821045,28.339500427246094,5.148799896240234,,376.6000061035156,289.04998779296875,5.800000190734863,,24.85099983215332,,35.744998931884766,19.483999252319336,,34.224998474121094,,5.99399995803833,85.08599853515625,5.196000099182129,133.91000366210938,4.302999973297119,,27.672500610351562,40.255001068115234,18.874000549316406,5.406000137329102,43.08000183105469,8.189000129699707,15.875,7.322500228881836,98.94999694824219,25.665000915527344,23.72800064086914,21.3700008392334,,13.859999656677246,,8.51099967956543,34.63999938964844,137.44000244140625,,12.010000228881836,85.56999969482422,48.362998962402344,72.71499633789062,19.277999877929688
2019-07-01,Close,6.889999866485596,5.271999835968018,5.7769999504089355,28.419599533081055,5.180799961090088,5.215000152587891,400.79998779296875,297.25,5.783999919891357,,24.990999221801758,20.612499237060547,35.724998474121094,19.829999923706055,,35.59000015258789,,6.01200008392334,86.56400299072266,5.196499824523926,134.97000122070312,4.366499900817871,,27.979999542236328,41.290000915527344,19.67799949645996,5.622000217437744,44.0099983215332,8.236000061035156,16.375,7.554999828338623,101.73999786376953,26.985000610351562,24.4689998626709,20.96500015258789,,14.119999885559082,,9.184000015258789,34.275001525878906,139.55999755859375,,11.996000289916992,87.36000061035156,49.15800094604492,73.66500091552734,19.43400001525879
2019-08-01,Close,6.599999904632568,5.0320000648498535,5.4019999504089355,27.640499114990234,5.284800052642822,5.165999889373779,390.8500061035156,289.29998779296875,6.418000221252441,,23.982999801635742,20.4325008392334,34.70500183105469,18.804000854492188,,34.345001220703125,,5.918000221252441,87.78399658203125,5.23199987411499,135.74000549316406,4.131999969482422,,29.947500228881836,42.68000030517578,19.802000045776367,5.730999946594238,43.4900016784668,7.9670000076293945,15.364999771118164,7.131249904632568,103.68000030517578,26.54400062561035,24.836999893188477,19.6200008392334,,14.25,,8.961999893188477,32.84000015258789,132.5399932861328,,11.4399995803833,86.69000244140625,47.994998931884766,70.37000274658203,18.690000534057617
2019-09-01,Close,6.926000118255615,5.132999897003174,5.203000068664551,28.53219985961914,5.23960018157959,5.369999885559082,397.6499938964844,294.79998779296875,6.248000144958496,,24.766000747680664,20.4950008392334,36.15999984741211,18.672000885009766,,35.619998931884766,,6.131999969482422,86.4800033569336,5.2245001792907715,134.7899932861328,4.4654998779296875,,28.74250030517578,43.46500015258789,20.55500030517578,5.798999786376953,43.27000045776367,8.244000434875488,15.305000305175781,7.496250152587891,103.23999786376953,27.214000701904297,25.68199920654297,19.969999313354492,,14.260000228881836,,9.196000099182129,31.725000381469727,136.05999755859375,,11.758999824523926,89.62000274658203,49.89099884033203,72.1050033569336,19.965999603271484
2019-10-01,Close,7.0920000076293945,5.2230000495910645,5.35699987411499,28.980499267578125,5.223999977111816,5.453000068664551,405.3500061035156,300.04998779296875,6.203000068664551,,25.11400032043457,20.774999618530273,36.584999084472656,18.535999298095703,,37.01499938964844,,6.218999862670898,85.22000122070312,5.241499900817871,134.50999450683594,4.553500175476074,,29.592500686645508,44.209999084472656,20.459999084472656,5.538000106811523,43.7400016784668,8.322999954223633,15.854999542236328,7.621250152587891,100.80000305175781,27.062999725341797,25.673999786376953,20.729999542236328,,14.069999694824219,,9.331999778747559,34.084999084472656,136.33999633789062,,11.920999526977539,89.61000061035156,49.82500076293945,73.97000122070312,20.6200008392334
2019-11-01,Close,7.447999954223633,5.571000099182129,5.890999794006348,29.695999145507812,5.204400062561035,5.60699987411499,428.6499938964844,312.25,6.1620001792907715,12.656000137329102,25.517000198364258,21.747499465942383,37.47999954223633,18.993999481201172,,38.7599983215332,,6.388000011444092,86.39199829101562,5.238999843597412,134.22999572753906,4.704500198364258,,28.672500610351562,45.02000045776367,21.1299991607666,5.735000133514404,44.95000076293945,8.565999984741211,16.69499969482422,8.052499771118164,100.9800033569336,28.503999710083008,25.617000579833984,20.325000762939453,,14.1899995803833,,9.973999977111816,38.45000076293945,139.0,,11.960000038146973,93.47000122070312,51.30500030517578,76.79000091552734,21.239999771118164
2019-12-01,Close,7.6479997634887695,5.696000099182129,6.01800012588501,31.115999221801758,5.184599876403809,5.663000106811523,434.75,320.29998779296875,6.03249979019165,12.564000129699707,26.878000259399414,23.010000228881836,37.810001373291016,19.826000213623047,,39.3849983215332,,6.590000152587891,86.93000030517578,5.253499984741211,134.22000122070312,4.796500205993652,,29.774999618530273,45.70500183105469,21.344999313354492,6.066999912261963,45.84000015258789,8.748000144958496,16.63249969482422,8.233750343322754,101.98999786376953,28.548999786376953,25.05299949645996,20.950000762939453,,14.199999809265137,,10.277999877929688,38.439998626708984,141.13999938964844,,12.461000442504883,93.98999786376953,51.85100173950195,78.95500183105469,21.31999969482422
2020-01-01,Close,7.498000144958496,5.52400016784668,5.906000137329102,29.64739990234375,5.265399932861328,5.593999862670898,457.3999938964844,322.6000061035156,6.443999767303467,13.248000144958496,25.621000289916992,23.475000381469727,36.939998626708984,18.841999053955078,,38.939998626708984,,6.466000080108643,86.9520034790039,5.2820000648498535,134.9199981689453,4.523499965667725,,31.049999237060547,47.165000915527344,22.079999923706055,6.3480000495910645,47.5099983215332,8.548999786376953,17.092500686645508,8.067500114440918,103.66000366210938,29.134000778198242,25.60099983215332,19.615999221801758,,14.489999771118164,,10.829999923706055,36.09000015258789,137.3000030517578,,11.83899974822998,95.16999816894531,50.571998596191406,76.81999969482422,20.670000076293945
2020-02-01,Close,6.85099983215332,5.0980000495910645,5.617000102996826,29.066600799560547,5.300000190734863,5.166999816894531,426.75,290.6499938964844,6.877500057220459,11.637999534606934,24.450000762939453,22.969999313354492,33.755001068115234,17.332000732421875,,35.474998474121094,,5.925000190734863,84.8499984741211,5.321000099182129,133.57000732421875,4.119500160217285,,31.09749984741211,44.11000061035156,19.84600067138672,6.48799991607666,43.33000183105469,7.5980000495910645,15.442500114440918,7.077499866485596,102.38999938964844,26.461999893188477,23.518999099731445,17.20199966430664,,14.430000305175781,,9.907999992370605,35.665000915527344,128.0800018310547,,10.906999588012695,87.25,46.058998107910156,69.1050033569336,18.549999237060547
2020-03-01,Close,6.0269999504089355,4.245999813079834,5.439000129699707,26.30190086364746,5.240600109100342,4.267499923706055,407.79998779296875,263.95001220703125,7.300000190734863,10.222000122070312,20.89699935913086,23.63249969482422,28.315000534057617,14.263999938964844,,32.0099983215332,,4.876500129699707,73.75399780273438,5.4079999923706055,125.7699966430664,3.2925000190734863,,31.497499465942383,34.380001068115234,14.61400032043457,5.11299991607666,40.2599983215332,6.329999923706055,14.734999656677246,5.775000095367432,88.06800079345703,23.878000259399414,18.195999145507812,13.32800006866455,,13.130000114440918,,9.458000183105469,35.06999969482422,105.77999877929688,,8.944000244140625,79.1500015258789,39.27799987792969,56.279998779296875,17.577999114990234
2020-04-01,Close,6.9710001945495605,4.71150016784668,6.2129998207092285,28.462400436401367,5.275599956512451,4.541500091552734,461.3500061035156,291.04998779296875,7.478000164031982,11.3100004196167,22.66699981689453,25.600000381469727,29.735000610351562,15.300000190734863,,36.095001220703125,,5.449999809265137,78.34200286865234,5.401000022888184,130.17999267578125,3.7664999961853027,,33.314998626708984,35.36000061035156,16.59600067138672,5.71999979019165,43.375,6.697999954223633,16.184999465942383,6.183750152587891,91.04199981689453,26.511999130249023,19.474000930786133,14.569999694824219,,12.609999656677246,,10.484000205993652,40.16999816894531,114.81999969482422,,9.6850004196167,86.19999694824219,42.0890007019043,63.22999954223633,18.757999420166016
2020-05-01,Close,7.395999908447266,4.894999980926514,6.593999862670898,27.716100692749023,5.298999786376953,4.76200008392334,476.0,301.95001220703125,7.244999885559082,11.821999549865723,22.43899917602539,28.225000381469727,31.084999084472656,15.458000183105469,,37.0099983215332,,5.586999893188477,79.90599822998047,5.406499862670898,130.30999755859375,3.9600000381469727,,33.932498931884766,36.564998626708984,17.091999053955078,6.078999996185303,45.34000015258789,6.64300012588501,17.7549991607666,6.304999828338623,94.3499984741211,27.020000457763672,19.059999465942383,15.380000114440918,,13.449999809265137,10.342000007629395,10.890000343322754,42.099998474121094,112.76000213623047,,9.675999641418457,88.04000091552734,42.020999908447266,66.68000030517578,19.788000106811523
2020-06-01,Close,7.684999942779541,4.945000171661377,6.745999813079834,29.98150062561035,5.339799880981445,5.006999969482422,504.3999938964844,308.20001220703125,7.340000152587891,11.956000328063965,24.03499984741211,31.6200008392334,33.04499816894531,15.26200008392334,,37.130001068115234,,5.691999912261963,79.87000274658203,5.409999847412109,132.22999572753906,4.071499824523926,,34.8849983215332,36.744998931884766,17.381999969482422,6.369999885559082,47.72999954223633,6.658999919891357,18.735000610351562,6.256249904632568,96.16400146484375,27.216999053955078,19.454999923706055,15.633999824523926,,13.489999771118164,10.670000076293945,11.583999633789062,43.349998474121094,121.44000244140625,,10.383000373840332,89.81999969482422,42.29999923706055,68.76000213623047,19.631999969482422
2020-07-01,Close,7.681000232696533,4.881999969482422,6.848999977111816,31.114599227905273,5.377999782562256,4.933499813079834,515.2000122070312,325.29998779296875,7.610000133514404,12.510000228881836,24.78499984741211,34.255001068115234,32.54499816894531,14.697999954223633,,38.119998931884766,,5.763999938964844,79.99600219726562,5.414000034332275,133.14999389648438,4.049499988555908,,38.625,36.939998626708984,16.993999481201172,6.997000217437744,51.13999938964844,6.454999923706055,20.235000610351562,6.474999904632568,94.77400207519531,27.34600067138672,18.809999465942383,15.670000076293945,,14.149999618530273,11.069999694824219,11.52400016784668,42.939998626708984,117.36000061035156,,10.678000450134277,89.5199966430664,41.448001861572266,71.12000274658203,18.97599983215332
2020-08-01,Close,8.079000473022461,5.00600004196167,6.9670000076293945,31.786300659179688,5.329800128936768,5.119999885559082,567.5999755859375,351.5,7.218999862670898,13.192000389099121,25.173999786376953,37.66999816894531,33.154998779296875,14.529999732971191,,40.755001068115234,,5.934999942779541,80.43399810791016,5.413000106811523,133.2899932861328,4.520999908447266,,38.532501220703125,37.92499923706055,17.493999481201172,8.255999565124512,54.52000045776367,6.572000026702881,20.43000030517578,6.838749885559082,94.14800262451172,29.208999633789062,18.996999740600586,15.833999633789062,,13.649999618530273,11.753999710083008,12.883999824523926,42.5,122.44000244140625,,10.916999816894531,94.12999725341797,42.59299850463867,75.46499633789062,20.200000762939453
2020-09-01,Close,8.208999633789062,5.019000053405762,7.302999973297119,32.47999954223633,5.338600158691406,5.0269999504089355,550.2000122070312,339.3999938964844,7.284999847412109,12.857999801635742,25.489999771118164,37.46500015258789,32.439998626708984,13.932000160217285,,39.314998626708984,,5.952000141143799,78.5,5.4120001792907715,133.82000732421875,4.6504998207092285,,37.122501373291016,36.8650016784668,17.190000534057617,9.097000122070312,53.439998626708984,6.3379998207092285,19.727500915527344,6.553750038146973,93.48999786376953,28.617000579833984,18.825000762939453,14.4399995803833,,13.670000076293945,11.605999946594238,12.522000312805176,43.68000030517578,119.13999938964844,,10.899999618530273,93.70999908447266,41.683998107910156,74.30000305175781,20.559999465942383
2020-10-01,Close,8.331999778747559,5.001999855041504,7.320000171661377,33.51060104370117,5.344399929046631,4.75,535.5999755859375,328.6499938964844,7.080999851226807,12.59000015258789,25.913999557495117,36.43000030517578,30.030000686645508,13.906000137329102,,37.790000915527344,,5.692999839782715,79.08000183105469,5.411499977111816,134.50999450683594,4.732500076293945,,36.72999954223633,34.779998779296875,16.525999069213867,9.647000312805176,51.595001220703125,6.116000175476074,18.559999465942383,6.460000038146973,93.83999633789062,27.93600082397461,18.24799919128418,12.862000465393066,,13.300000190734863,11.633999824523926,11.892000198364258,41.90999984741211,118.73999786376953,,11.291000366210938,90.66999816894531,40.724998474121094,74.19999694824219,20.03499984741211
2020-11-01,Close,9.284000396728516,5.590000152587891,7.828999996185303,35.14979934692383,5.377600193023682,5.579999923706055,572.5999755859375,363.3500061035156,7.1570000648498535,13.838000297546387,27.868000030517578,39.45750045776367,35.345001220703125,15.751999855041504,,43.61000061035156,,6.34499979019165,80.95600128173828,5.4120001792907715,136.11000061035156,5.539000034332275,,34.845001220703125,39.220001220703125,18.95800018310547,11.303999900817871,55.97999954223633,6.909999847412109,20.792499542236328,7.642499923706055,94.59400177001953,30.054000854492188,20.027999877929688,15.954000473022461,,13.930000305175781,13.260000228881836,12.765999794006348,45.970001220703125,132.66000366210938,,12.470999717712402,99.08000183105469,45.222999572753906,84.86000061035156,22.2549991607666
2020-12-01,Close,9.647000312805176,5.831999778747559,8.350000381469727,36.64350128173828,5.376200199127197,5.691999912261963,590.5,377.5,7.058000087738037,14.350000381469727,29.253000259399414,42.959999084472656,36.0,16.579999923706055,,44.75,,6.556000232696533,81.08399963378906,5.418499946594238,136.4600067138672,5.7769999504089355,,36.967498779296875,40.47999954223633,19.579999923706055,13.081999778747559,58.939998626708984,7.086999893188477,23.65250015258789,7.960000038146973,93.98200225830078,30.2810001373291,20.113000869750977,17.086000442504883,,14.149999618530273,14.366000175476074,13.329999923706055,48.95500183105469,136.94000244140625,,13.104000091552734,100.83000183105469,45.74100112915039,91.7249984741211,23.065000534057617
2021-01-01,Close,9.96500015258789,5.909999847412109,8.684000015258789,38.72629928588867,5.353799819946289,5.619999885559082,602.9000244140625,377.0,6.822999954223633,14.411999702453613,30.327999114990234,44.3650016784668,35.3650016784668,16.513999938964844,,45.16999816894531,,6.486999988555908,81.71600341796875,5.415999889373779,135.41000366210938,6.144999980926514,,36.28499984741211,39.13999938964844,19.70800018310547,14.260000228881836,59.54999923706055,7.120999813079834,24.75,7.96750020980835,93.1760025024414,30.63599967956543,20.371999740600586,17.035999298095703,,14.5,15.520000457763672,13.420000076293945,51.959999084472656,138.13999938964844,,13.628000259399414,102.44000244140625,46.26100158691406,94.20500183105469,23.165000915527344
2021-02-01,Close,10.104000091552734,6.139999866485596,8.428999900817871,39.12189865112305,5.238999843597412,5.834000110626221,606.0,388.6499938964844,6.267000198364258,14.704000473022461,30.826000213623047,43.790000915527344,36.82500076293945,17.3439998626709,,47.709999084472656,,6.6579999923706055,82.18199920654297,5.408999919891357,134.4600067138672,6.2230000495910645,,33.720001220703125,37.94499969482422,21.03499984741211,12.312000274658203,59.22999954223633,7.380000114440918,23.334999084472656,8.90250015258789,89.90799713134766,31.645999908447266,21.076000213623047,16.88800048828125,,13.920000076293945,15.272000312805176,13.684000015258789,50.09000015258789,143.0800018310547,,13.229999542236328,102.68000030517578,48.28300094604492,97.98999786376953,24.0
2021-03-01,Close,10.265999794006348,6.414999961853027,8.29699993133545,39.07899856567383,5.239999771118164,6.214000225067139,630.2000122070312,402.8500061035156,6.127999782562256,15.295999526977539,31.395999908447266,41.54499816894531,39.755001068115234,18.29599952697754,,50.20000076293945,,,82.35600280761719,5.414999961853027,135.02000427246094,6.502999782562256,,33.275001525878906,39.185001373291016,22.795000076293945,11.751999855041504,59.119998931884766,7.755000114440918,23.049999237060547,9.357500076293945,92.0199966430664,33.76900100708008,22.336000442504883,16.881999969482422,,14.25,14.960000038146973,14.239999771118164,47.95000076293945,149.3800048828125,,13.63599967956543,109.08999633789062,51.816001892089844,99.73999786376953,25.03499984741211
2021-04-01,Close,10.357999801635742,6.559000015258789,8.65999984741211,38.64590072631836,5.24399995803833,6.361999988555908,652.4000244140625,423.70001220703125,6.230999946594238,15.767999649047852,31.152000427246094,43.15999984741211,40.505001068115234,18.049999237060547,,52.2599983215332,,,82.31400299072266,5.416999816894531,135.10000610351562,6.315999984741211,,34.50749969482422,41.08000183105469,23.520000457763672,11.029999732971191,63.209999084472656,7.860000133514404,24.170000076293945,9.96500015258789,91.78800201416016,34.638999938964844,23.075000762939453,17.312000274658203,,14.350000381469727,14.880000114440918,14.644000053405762,50.0099983215332,150.9199981689453,,13.512999534606934,110.6500015258789,51.76499938964844,103.93000030517578,24.295000076293945
2021-05-01,Close,10.17199993133545,6.517000198364258,8.256999969482422,38.54800033569336,5.2505998611450195,6.535999774932861,,425.70001220703125,6.256999969482422,15.894000053405762,,43.095001220703125,41.2599983215332,18.167999267578125,,53.32500076293945,,,,5.421000003814697,,6.531000137329102,,36.977500915527344,42.76499938964844,,10.692000389099121,62.435001373291016,,24.520000457763672,10.414999961853027,,34.23899841308594,22.965999603271484,,,14.789999961853027,14.161999702453613,14.204000473022461,48.939998626708984,151.60000610351562,,,,,104.625,24.905000686645508
2021-06-01,Close,10.977999687194824,6.65500020980835,8.977999687194824,39.834999084472656,5.274600028991699,6.61299991607666,,435.95001220703125,6.5269999504089355,16.29800033569336,,44.185001373291016,41.58000183105469,18.091999053955078,,53.744998931884766,,,,5.408999919891357,,6.86299991607666,,34.46500015258789,42.44499969482422,,11.319999694824219,63.029998779296875,,25.53499984741211,10.109999656677246,,36.05500030517578,24.007999420166016,,,15.0600004196167,15.765999794006348,15.673999786376953,52.88999938964844,153.83999633789062,,,,,104.5199966430664,24.80500030517578
2021-07-01,Close,10.883999824523926,6.514999866485596,8.675999641418457,36.73929977416992,5.331999778747559,6.696000099182129,,446.54998779296875,6.763999938964844,16.389999389648438,,41.20750045776367,41.85499954223633,18.055999755859375,,54.90999984741211,,,,5.420000076293945,,6.763999938964844,,35.56999969482422,44.810001373291016,,11.173999786376953,64.12000274658203,,25.8700008392334,10.104999542236328,,36.62799835205078,24.47599983215332,,,15.279999732971191,15.513999938964844,16.006000518798828,52.665000915527344,153.77999877929688,,,,,104.16500091552734,24.440000534057617
2021-08-01,Close,,,,37.47060012817383,5.318399906158447,6.870999813079834,,460.6000061035156,6.742499828338623,,,41.71500015258789,42.470001220703125,,,55.599998474121094,,,,5.420000076293945,,,,35.28499984741211,45.75,,,66.22000122070312,,26.614999771118164,10.65999984741211,,,,,,15.220000267028809,,,54.2599983215332,,,,,,106.47000122070312,24.770000457763672
2021-09-01,Close,,,,36.83340072631836,5.258600234985352,6.640999794006348,,442.75,6.511000156402588,,,39.7599983215332,41.119998931884766,,,53.689998626708984,,,,5.4120001792907715,,,,34.34000015258789,41.560001373291016,,,64.06999969482422,,25.200000762939453,10.532500267028809,,,,,,14.720000267028809,,,52.40999984741211,,,,,,103.98999786376953,26.024999618530273
2021-10-01,Close,,,,37.24169921875,5.246799945831299,6.931000232696533,,468.29998779296875,6.689000129699707,,,41.96500015258789,43.290000915527344,,,54.939998626708984,24.593799591064453,,,5.392000198364258,,,,34.689998626708984,43.45000076293945,,,68.43000030517578,,26.844999313354492,11.210000038146973,,,,,,14.220000267028809,,,50.93000030517578,,,,,,107.03500366210938,25.725000381469727
2021-11-01,Close,,,,36.956600189208984,5.276199817657471,6.716000080108643,,468.0,6.873000144958496,,,44.21500015258789,41.279998779296875,,,53.38999938964844,24.280500411987305,,,5.390999794006348,,,,34.60749816894531,43.005001068115234,,,66.44000244140625,,25.125,10.595000267028809,,,,,,14.479999542236328,,,48.595001220703125,,,,,,102.08499908447266,24.6200008392334
2021-12-01,Close,,,,37.448699951171875,5.249000072479248,7.059999942779541,,490.1499938964844,6.743000030517578,,,41.90999984741211,43.70500183105469,,,56.17499923706055,25.673500061035156,,,5.383999824523926,,,,35.477500915527344,43.25,,,67.2699966430664,,25.469999313354492,10.84749984741211,,,,,,14.789999961853027,,,48.71500015258789,,,,,,105.20500183105469,25.78499984741211
2022-01-01,Close,,,,36.826900482177734,5.15339994430542,6.827000141143799,,456.25,6.477499961853027,,,38.51750183105469,42.459999084472656,,,51.685001373291016,22.790700912475586,,,5.3420000076293945,,,,35.01250076293945,42.345001220703125,,,61.54999923706055,,22.739999771118164,10.75,,,,,,13.399999618530273,,,41.92499923706055,,,,,,96.66999816894531,24.239999771118164
2022-02-01,Close,,,,36.990299224853516,5.0767998695373535,6.900000095367432,,465.54998779296875,6.222499847412109,,,40.78499984741211,42.685001373291016,,,52.69499969482422,22.48310089111328,,,5.314000129699707,,,,35.869998931884766,40.915000915527344,,,64.0,,23.875,11.4350004196167,,,,,,13.130000114440918,,,43.35499954223633,,,,,,101.0250015258789,24.700000762939453
2022-02-11,Close,10.84000015258789,6.3420000076293945,7.2779998779296875,37.02109909057617,5.069300174713135,6.821000099182129,722.0,402.3760070800781,6.181000232696533,16.628000259399414,31.503999710083008,34.869998931884766,42.209999084472656,19.3439998626709,62.43000030517578,45.51499938964844,19.58839988708496,7.948999881744385,80.5739974975586,5.302999973297119,128.47999572753906,6.839000225067139,3745.0,35.775001525878906,40.54999923706055,27.415000915527344,9.267999649047852,55.0,8.9399995803833,20.489999771118164,11.364999771118164,89.3479995727539,39.24599838256836,24.815000534057617,21.024999618530273,127.45999908447266,13.130000114440918,13.314000129699707,17.4060001373291,37.505001068115234,152.75999450683594,6964.0,13.501999855041504,122.11000061035156,57.92900085449219,99.73500061035156,24.899999618530273
